Company,Screener URL,Market Cap,Current Price,High / Low,Stock P/E,Book Value,Dividend Yield,ROCE,ROE,Face Value,Current ratio,Int Coverage,Chg in FII Hold,Chg in DII Hold,OPM last year,OPM preceding year,NPM last year,NPM preceding year,Sales growth 3Years,Profit Var 3Yrs,EPS growth 3Years,EPS growth 5Years,Pledged percentage,Debt to equity,Change in Prom Hold,Dividend last year,Dividend Prev Ann,Div 5Yrs,Broad Sector,Sector,Broad Industry,Industry,Net Profit Qtr (latest),Net Profit Qtr (-1),Net Profit Qtr (-2),Net Profit Qtr (-3),EPS Qtr Series,CF Operations LY,CF Operations PY,CF Operations Series,OPM 5Year %,OPM Series
ICICI AMC,https://www.screener.in/company/ICICIAMC/,"1,65,577 Cr.","3,350","3,603 / 2,529",50.2,84.4,0.80 %,115 %,85.8 %,1.00,6.71,249,-0.25 %,0.65 %,74.5 %,73.0 %,57.2 %,53.2 %,26.6 %,29.6 %,-57.3 %,-37.6 %,0.00 %,0.00,0.00 %,613 Cr.,"2,153 Cr.","1,366 Cr.",Financial Services,Financial Services,Capital Markets,Asset Management Company,763,917,835,692,357.94|391.86|47.33|18.55|15.45,"3,282","2,574",1195|1333|1400|1765|2574|3282,74.00,77|76|73|74|73|74
Colgate-Palmoliv,https://www.screener.in/company/COLPAL/,"55,975 Cr.","2,058","2,519 / 1,782",41.7,58.2,2.49 %,108 %,82.7 %,1.00,1.28,478,-1.58 %,1.75 %,31.0 %,32.4 %,22.3 %,23.8 %,4.91 %,8.39 %,8.39 %,5.34 %,0.00 %,0.03,0.00 %,"1,306 Cr.","1,387 Cr.","1,284 Cr.",Fast Moving Consumer Goods,Fast Moving Consumer Goods,Personal Products,Personal Care,353,324,328,321,13.38|14.52|11.87|13.05|11.79|12.04|11.91|12.99,"1,806","1,394",638|689|688|694|983|930|784|1626|1176|1199|1394|1806,31.40,21|24|24|27|28|27|31|31|30|33|32|31
P & G Hygiene,https://www.screener.in/company/PGHH/,"32,087 Cr.","9,885","14,540 / 8,979",37.3,287,1.69 %,104 %,75.7 %,10.0,1.37,96.9,-0.09 %,-0.07 %,25.8 %,22.2 %,18.9 %,17.3 %,-1.90 %,-0.84 %,-0.84 %,8.44 %,0.00 %,0.00,0.00 %,568 Cr.,601 Cr.,610 Cr.,Fast Moving Consumer Goods,Fast Moving Consumer Goods,Personal Products,Personal Care,301,210,192,156,47.56|24.97|65.28|82.74|48.09|59.17|64.65|92.87,593,470,335|426|352|445|415|413|474|863|573|826|470|593,23.40,21|21|27|29|25|21|20|25|21|22|23|26
Nestle India,https://www.screener.in/company/NESTLEIND/,"2,73,878 Cr.","1,420","1,499 / 1,085",79.4,27.5,0.85 %,84.2 %,73.2 %,1.00,0.96,29.4,-0.07 %,0.30 %,22.9 %,23.6 %,14.9 %,15.3 %,11.1 %,13.1 %,13.1 %,10.6 %,0.00 %,0.08,0.00 %,"2,314 Cr.","2,603 Cr.","2,414 Cr.",Fast Moving Consumer Goods,Fast Moving Consumer Goods,Food Products,Packaged Foods,"1,114","1,018",753,659,3.87|5.12|3.61|4.59|3.42|3.91|5.28|5.78,"5,048","2,936",1098|1466|1818|2052|2295|2454|2236|2737|3392|4175|2936|5048,23.20,19|20|21|23|24|24|24|22|23|24|24|23
RRPSemiconductor,https://www.screener.in/company/504346/,"12,742 Cr.","9,353","11,902 / 1,259",,6.86,0.00 %,80.2 %,209 %,10.0,7.25,-9.10,0.00 %,0.00 %,35.9 %,29.0 %,26.8 %,-5.26 %,%,397 %,42.4 %,26.5 %,0.00 %,1.56,0.00 %,0.00 Cr.,0.00 Cr.,0.00 Cr.,Financial Services,Financial Services,Finance,Other Financial Services,-0.14,-7.15,-0.29,-1.59,8|1.23|1.34|4.82|-1.17|-0.21|-5.25|-0.1,-18.78,-0.21,0|0|0.09|0|-0.04|-7.8|-0.04|-0.06|-0.07|0.16|-0.21|-18.78,-8.79,0|-100|28.95|35.87
GE Vernova T&D,https://www.screener.in/company/GVT&D/,"1,23,315 Cr.","4,816","4,962 / 2,080",96.4,105,0.10 %,76.4 %,57.3 %,2.00,1.33,117,1.93 %,-1.88 %,27.1 %,19.4 %,20.6 %,14.2 %,30.8 %,490 %,490 %,85.8 %,0.00 %,0.01,0.00 %,0.00 Cr.,128 Cr.,35.8 Cr.,Industrials,Capital Goods,Electrical Equipment,Heavy Electrical Equipment,352,291,299,291,5.25|5.65|5.57|7.28|11.37|11.7|11.36|13.74,"1,710",904,502|-91|188|1054|-355|-260|311|8|-37|518|904|1710,11.40,9|3|1|6|11|-6|5|-3|4|10|19|27
Multi Comm. Exc.,https://www.screener.in/company/MCX/consolidated/,"84,096 Cr.","3,298","3,480 / 1,278",63.2,112,0.18 %,71.4 %,56.3 %,2.00,1.31,"4,696",5.43 %,-4.81 %,71.3 %,59.8 %,57.8 %,50.3 %,64.9 %,108 %,108 %,48.7 %,0.00 %,0.00,0.00 %,204 Cr.,153 Cr.,116 Cr.,Financial Services,Financial Services,Capital Markets,Exchange and Data Platform,530,401,197,203,4.35|6.02|6.28|5.31|7.97|7.74|15.73|20.78,"3,035",950,70|78|-32|99|258|449|-184|391|141|442|950|3035,42.40,39|32|31|29|31|45|47|44|28|9|60|71
Hindustan Zinc,https://www.screener.in/company/HINDZINC/,"2,71,456 Cr.",642,733 / 413,19.9,53.2,1.72 %,69.3 %,76.6 %,2.00,1.47,21.8,0.85 %,0.16 %,53.9 %,51.0 %,33.7 %,30.4 %,6.04 %,9.24 %,9.24 %,12.2 %,9.44 %,0.39,-1.13 %,"8,872 Cr.","12,252 Cr.","13,224 Cr.",Commodities,Metals & Mining,Non - Ferrous Metals,Zinc,"4,997","3,879","2,632","2,204",5.58|5.44|6.26|7.04|5.22|6.23|9.18|11.83,"16,857","14,127",5531|6451|7588|9800|8781|6621|10567|12691|15166|13343|14127|16857,51.60,50|44|56|56|51|48|52|55|51|47|51|54
Siemens Ener.Ind,https://www.screener.in/company/ENRIN/,"1,25,296 Cr.","3,518","3,685 / 2,105",93.0,135,0.11 %,67.8 %,50.5 %,2.00,2.06,52.2,0.38 %,-0.08 %,19.6 %,%,14.1 %,%,%,%,%,%,0.00 %,0.04,0.00 %,142 Cr.,0.00 Cr.,Cr.,Industrials,Capital Goods,Electrical Equipment,Heavy Electrical Equipment,375,313,360,263,7.38|10.1|8.79|10.52,"3,670",103,0|103|3670,21.00,22|20
Glaxosmi. Pharma,https://www.screener.in/company/GLAXO/consolidated/,"38,709 Cr.","2,285","3,516 / 2,218",37.9,134,2.49 %,65.1 %,48.4 %,10.0,2.03,508,-0.01 %,-0.02 %,34.3 %,31.4 %,26.7 %,23.3 %,5.53 %,20.1 %,20.1 %,16.5 %,0.00 %,0.01,0.00 %,966 Cr.,915 Cr.,898 Cr.,Healthcare,Healthcare,Pharmaceuticals & Biotechnology,Pharmaceuticals,278,296,257,205,10.76|14.91|13.57|15.52|12.1|15.2|17.45|16.4,903,"1,290",338|139|234|473|409|490|578|811|484|582|1290|903,27.80,19|17|14|18|19|20|20|23|25|26|31|34
Page Industries,https://www.screener.in/company/PAGEIND/,"42,851 Cr.","38,418","50,590 / 29,800",54.3,"1,347",2.34 %,64.4 %,54.3 %,10.0,1.72,22.3,-1.71 %,1.72 %,22.0 %,21.5 %,15.0 %,14.8 %,3.63 %,11.4 %,11.4 %,18.3 %,0.00 %,0.18,0.00 %,0.00 Cr.,"1,004 Cr.",421 Cr.,Consumer Discretionary,Textiles,Textiles & Apparels,Garments & Apparels,179,190,195,201,148.13|175.06|183.49|147.04|180.03|174.61|169.93|160.24,794,"1,204",167|219|274|453|230|517|696|327|-2|1080|1204|794,20.20,21|21|19|21|22|18|19|20|18|19|22|22
TCS,https://www.screener.in/company/TCS/consolidated/,"8,30,405 Cr.","2,295","3,540 / 2,206",15.8,296,2.76 %,63.0 %,51.8 %,1.00,1.67,57.8,-0.71 %,0.53 %,27.1 %,26.4 %,19.7 %,19.1 %,5.80 %,7.50 %,7.90 %,9.94 %,0.00 %,0.11,0.00 %,"39,820 Cr.","45,612 Cr.","33,937 Cr.",Information Technology,Information Technology,IT - Software,Computers - Software & Consulting,"13,784","10,720","12,131","12,819",33.28|32.92|34.22|33.79|35.27|33.37|29.45|37.92,"52,094","48,908",19369|19109|25223|25067|28593|32369|38802|39949|41965|44338|48908|52094,26.80,26|28|27|26|27|27|28|28|26|27|26|27
Castrol India,https://www.screener.in/company/CASTROLIND/,"18,205 Cr.",184,232 / 170,18.6,19.2,4.78 %,60.3 %,45.9 %,5.00,1.66,150,-1.20 %,-0.38 %,23.6 %,23.8 %,16.8 %,17.2 %,6.22 %,5.75 %,5.75 %,10.4 %,0.00 %,0.03,0.00 %,"1,311 Cr.","1,286 Cr.",905 Cr.,Energy,"Oil, Gas & Consumable Fuels",Petroleum Products,Lubricants,242,245,228,244,2.35|2.1|2.74|2.36|2.47|2.3|2.47|2.45,"1,090","1,044",548|740|664|608|549|879|893|630|916|853|1044|1090,24.00,21|27|30|29|27|30|27|25|23|24|24|24
Ingersoll-Rand,https://www.screener.in/company/INGERRAND/,"13,809 Cr.","4,374","4,605 / 3,063",49.9,206,1.85 %,60.0 %,45.0 %,10.0,2.27,183,0.14 %,0.01 %,25.5 %,22.9 %,20.0 %,18.6 %,13.7 %,34.5 %,34.5 %,26.3 %,0.00 %,0.02,0.00 %,253 Cr.,221 Cr.,141 Cr.,Industrials,Capital Goods,Industrial Products,"Compressors, Pumps & Diesel Engines",72,60,59,68,20.23|19.6|19.12|24.6|21.43|18.68|19.12|22.77,265,207,-64|29|67|121|77|37|109|76|81|148|207|265,21.00,9|4|7|9|12|14|14|18|17|21|23|26
HBL Engineering,https://www.screener.in/company/HBLENGINE/consolidated/,"22,169 Cr.",800,"1,122 / 552",26.5,79.9,0.26 %,58.4 %,45.3 %,1.00,3.57,76.3,0.07 %,-0.03 %,33.7 %,20.0 %,25.4 %,14.1 %,34.1 %,105 %,105 %,118 %,0.00 %,0.03,0.00 %,27.7 Cr.,27.7 Cr.,18.6 Cr.,Industrials,Capital Goods,Industrial Products,Other Industrial Products,64,220,387,143,2.89|3.15|2.33|1.62|5.17|13.97|7.96|2.3,738,247,79|158|43|159|167|149|121|62|122|273|247|738,19.00,10|10|9|8|8|7|7|11|11|19|20|34
BSE,https://www.screener.in/company/BSE/consolidated/,"1,76,629 Cr.","4,337","4,350 / 2,022",71.1,164,0.23 %,58.0 %,44.8 %,2.00,1.53,,1.97 %,1.35 %,63.7 %,58.4 %,51.2 %,43.2 %,73.5 %,124 %,124 %,68.3 %,0.00 %,0.00,0.00 %,408 Cr.,311 Cr.,253 Cr.,Financial Services,Financial Services,Capital Markets,Exchange and Data Platform,795,597,557,538,6.53|8.54|5.41|12.17|13.28|13.73|14.78|19.58,"3,104",414,-153|-44|817|-239|-313|397|-68|1442|-137|2643|414|3104,48.60,50|38|33|41|34|21|32|42|34|45|58|64
Anand Rathi Wea.,https://www.screener.in/company/ANANDRATHI/,"29,804 Cr.","3,590","3,780 / 1,859",76.1,123,0.36 %,57.5 %,45.3 %,5.00,4.12,34.5,-0.88 %,-0.35 %,47.4 %,45.5 %,32.4 %,31.3 %,31.0 %,32.5 %,32.7 %,42.5 %,11.4 %,0.08,0.00 %,108 Cr.,116 Cr.,75.7 Cr.,Financial Services,Financial Services,Capital Markets,Financial Products Distributor,102,100,97,92,8.71|9.04|9.12|8.72|11.11|11.7|12.02|12.31,254,352,0|97|57|143|-24|147|109|267|352|254,45.00,26|36|35|35|29|44|45|44|45|47
Tenneco Clean,https://www.screener.in/company/TENNIND/consolidated/,"24,723 Cr.",613,657 / 438,43.7,22.7,0.00 %,57.3 %,42.6 %,10.0,1.25,37.2,0.53 %,0.58 %,16.7 %,11.2 %,11.3 %,7.63 %,%,%,%,%,0.00 %,0.02,0.00 %,453 Cr.,192 Cr.,Cr.,Consumer Discretionary,Automobile and Auto Components,Auto Components,Auto Components & Equipments,119,151,168,125,6.39|5.85|4.16|3.73|2.94,562,488,538|488|562,13.33,12|11|17
Gillette India,https://www.screener.in/company/GILLETTE/,"25,886 Cr.","7,943","11,505 / 7,206",41.7,357,1.52 %,56.1 %,41.6 %,10.0,1.77,70.3,-0.41 %,0.36 %,26.9 %,21.8 %,18.7 %,14.4 %,4.09 %,10.6 %,10.6 %,10.4 %,0.00 %,0.00,0.00 %,365 Cr.,277 Cr.,283 Cr.,Fast Moving Consumer Goods,Fast Moving Consumer Goods,Personal Products,Personal Care,172,144,146,159,30.41|35.59|40.82|38.66|48.7|44.71|44.08|52.93,328,509,96|172|279|248|237|134|225|443|462|463|509|328,23.40,4|10|17|22|23|21|21|23|21|22|24|27
Britannia Inds.,https://www.screener.in/company/BRITANNIA/consolidated/,"1,28,486 Cr.","5,334","6,337 / 5,280",50.7,212,1.71 %,56.0 %,53.6 %,1.00,1.12,30.2,0.75 %,-0.73 %,18.4 %,17.7 %,13.2 %,12.2 %,5.52 %,7.58 %,7.58 %,6.33 %,0.00 %,0.27,0.00 %,"2,180 Cr.","1,807 Cr.","1,771 Cr.",Fast Moving Consumer Goods,Fast Moving Consumer Goods,Food Products,Packaged Foods,680,682,655,520,20.99|22.06|24.15|23.25|21.62|27.17|28.23|28.16,"2,612","2,481",584|959|441|1249|1156|1485|1851|1300|2526|2573|2481|2612,17.60,11|15|14|15|16|16|19|16|17|19|18|18
3M India,https://www.screener.in/company/3MINDIA/,"37,642 Cr.","33,400","38,300 / 27,830",69.4,"1,570",0.47 %,50.0 %,30.0 %,10.0,2.18,22.3,0.02 %,-0.05 %,19.4 %,17.3 %,10.6 %,10.7 %,10.9 %,9.25 %,9.25 %,29.6 %,0.00 %,0.10,0.00 %,570 Cr.,603 Cr.,603 Cr.,Diversified,Diversified,Diversified,Diversified,215,-62,191,178,139.5|118.76|100.99|63.35|157.73|169.85|-55.08|191.16,514,355,177|261|365|29|267|218|312|334|425|643|355|514,16.20,11|16|16|19|18|12|10|12|15|18|17|19
I R C T C,https://www.screener.in/company/IRCTC/,"43,092 Cr.",539,800 / 493,31.2,53.2,1.56 %,49.0 %,37.2 %,2.00,2.11,87.6,-2.33 %,0.84 %,33.2 %,34.4 %,27.4 %,27.1 %,35.5 %,24.6 %,24.6 %,20.0 %,0.00 %,0.02,0.00 %,640 Cr.,520 Cr.,392 Cr.,Consumer Discretionary,Consumer Services,Leisure Services,"Tour, Travel Related Services",394,342,330,358,3.55|3.85|3.85|4.27|4.47|4.13|4.27|4.93,834,882,69|288|338|24|499|409|248|524|812|882|834,34.80,14|14|21|19|20|31|24|47|36|34|33
Cams Services,https://www.screener.in/company/CAMS/consolidated/,"18,886 Cr.",762,875 / 611,39.7,53.3,1.61 %,49.0 %,39.0 %,2.00,3.43,91.0,-0.21 %,0.06 %,45.0 %,45.8 %,31.1 %,31.0 %,16.0 %,20.2 %,19.7 %,22.0 %,0.00 %,0.05,0.00 %,186 Cr.,358 Cr.,229 Cr.,Financial Services,Financial Services,Capital Markets,"Depositories, Clearing Houses and Other Intermediaries",125,125,114,108,4.4|4.97|5.08|4.61|4.41|4.64|5.07|5.1,584,477,162|187|199|264|321|318|401|477|584,45.00,42|37|41|42|47|43|44|46|45
Marico,https://www.screener.in/company/MARICO/consolidated/,"1,07,584 Cr.",829,849 / 680,61.1,32.4,1.28 %,47.2 %,43.0 %,1.00,1.43,44.0,0.06 %,-0.06 %,17.1 %,19.8 %,13.3 %,15.2 %,11.7 %,11.2 %,11.1 %,8.57 %,2.03 %,0.13,0.00 %,520 Cr.,"1,354 Cr.",975 Cr.,Fast Moving Consumer Goods,Fast Moving Consumer Goods,Agricultural Food & other Products,Edible Oil,408,460,432,513,3.58|3.27|3.08|2.65|3.89|3.24|3.44|3.01,"2,084","1,363",665|818|649|516|1062|1214|2007|1016|1419|1387|1363|2084,19.00,15|17|20|18|18|20|20|18|19|21|20|17
Oracle Fin.Serv.,https://www.screener.in/company/OFSS/consolidated/,"85,407 Cr.","9,810","10,000 / 6,232",32.4,899,4.09 %,45.3 %,32.6 %,5.00,5.44,"1,473",-0.32 %,0.30 %,45.3 %,44.9 %,34.4 %,34.8 %,10.4 %,13.5 %,13.2 %,8.18 %,0.00 %,0.00,-0.02 %,"2,349 Cr.","2,300 Cr.","2,062 Cr.",Information Technology,Information Technology,IT - Software,Software Products,842,610,546,642,71.12|66.6|62.35|74.13|73.87|62.82|70.06|96.71,"2,638","2,199",1060|712|1121|1157|1380|1522|1920|1856|1758|1791|2199|2638,45.00,40|39|39|40|43|46|50|48|43|44|45|45
Atlanta Electric,https://www.screener.in/company/ATLANTAELE/consolidated/,"13,544 Cr.","1,761","1,902 / 708",66.8,121,0.00 %,45.3 %,31.7 %,2.00,1.69,5.90,0.00 %,0.14 %,18.6 %,15.6 %,11.0 %,9.53 %,28.4 %,32.3 %,-24.5 %,40.1 %,0.00 %,0.05,0.00 %,0.00 Cr.,0.00 Cr.,0.00 Cr.,Industrials,Capital Goods,Electrical Equipment,Heavy Electrical Equipment,102,43,25,31,17.36|18.77|3.11|6.24|4.35|3.26|5.64|13.29,184,84,29|0|52|88|84|184,14.60,8|8|16|14|16|19
Abbott India,https://www.screener.in/company/ABBOTINDIA/,"58,629 Cr.","27,590","37,000 / 25,150",37.8,"2,247",1.69 %,44.9 %,34.5 %,10.0,2.55,84.2,0.08 %,-0.07 %,27.3 %,26.4 %,22.4 %,22.1 %,9.01 %,17.8 %,17.8 %,17.6 %,0.00 %,0.04,0.00 %,"1,009 Cr.","1,009 Cr.",833 Cr.,Healthcare,Healthcare,Pharmaceuticals & Biotechnology,Pharmaceuticals,395,376,415,366,154.36|168.76|169.78|172.73|172.18|195.43|176.93|185.86,"1,319","1,012",215|249|307|153|499|626|727|948|893|1213|1012|1319,24.60,14|14|14|16|16|18|21|22|23|25|26|27
Emmvee Photovol.,https://www.screener.in/company/EMMVEE/consolidated/,"20,514 Cr.",296,301 / 172,19.0,53.4,0.00 %,44.8 %,51.1 %,2.00,2.06,9.65,-1.52 %,-0.22 %,34.3 %,30.9 %,21.4 %,15.8 %,101 %,395 %,23.6 %,12.3 %,0.00 %,0.10,0.00 %,69.2 Cr.,0.00 Cr.,13.8 Cr.,Industrials,Capital Goods,Electrical Equipment,Other Electrical Equipment,392,264,238,188,32.54|91.92|38.39|3.16|4.01|3.81|5.67,200,614,181|75|129|59|234|614|200,21.20,19|27|19|9|13|31|34
Nippon Life Ind.,https://www.screener.in/company/NAM-INDIA/consolidated/,"70,036 Cr.","1,097","1,125 / 714",45.8,73.0,1.97 %,43.8 %,34.5 %,10.0,1.70,283,-0.55 %,0.94 %,66.3 %,68.7 %,56.5 %,51.1 %,21.5 %,28.4 %,27.3 %,16.8 %,0.00 %,0.02,-0.12 %,"1,372 Cr.","1,142 Cr.",991 Cr.,Financial Services,Financial Services,Capital Markets,Asset Management Company,385,404,345,396,5.26|5.69|4.66|4.7|6.23|5.41|6.34|6.03,"1,466","1,200",-42|218|556|376|386|605|456|580|587|777|1200|1466,66.40,49|40|42|38|43|50|64|66|63|68|69|66
Garden Reach Sh.,https://www.screener.in/company/GRSE/,"30,566 Cr.","2,668","3,538 / 1,964",40.9,229,0.52 %,43.0 %,31.8 %,10.0,1.23,63.3,0.55 %,0.05 %,11.4 %,8.31 %,10.7 %,10.2 %,39.8 %,50.5 %,50.5 %,36.2 %,0.00 %,0.01,0.00 %,225 Cr.,159 Cr.,126 Cr.,Industrials,Capital Goods,Aerospace & Defense,Aerospace & Defense,303,171,154,120,7.61|8.53|8.57|21.32|10.49|13.43|14.91|26.47,-290,16,-74|-112|628|515|-356|1450|-707|16|-290,8.00,4|6|-17|-1|3|3|7|8|6|7|8|11
HDFC AMC,https://www.screener.in/company/HDFCAMC/,"1,17,038 Cr.","2,732","2,967 / 2,206",40.9,215,1.98 %,42.9 %,32.9 %,5.00,0.66,281,0.46 %,-0.48 %,80.1 %,82.6 %,69.4 %,60.8 %,18.4 %,26.2 %,26.0 %,16.5 %,0.00 %,0.00,-0.01 %,"2,313 Cr.","1,924 Cr.","1,530 Cr.",Financial Services,Financial Services,Capital Markets,Asset Management Company,623,770,718,748,14.14|13.5|15|14.94|17.48|16.78|17.98|14.55,"2,530","2,077",742|455|618|894|1285|1085|1254|1149|1620|2077|2530,80.00,59|48|51|57|66|80|82|79|78|80|83|80
Hindustan Copper,https://www.screener.in/company/HINDCOPPER/,"53,539 Cr.",554,760 / 226,54.1,34.6,0.27 %,42.4 %,32.9 %,5.00,1.68,272,-0.22 %,-0.18 %,47.5 %,35.7 %,32.2 %,22.4 %,22.4 %,49.9 %,49.9 %,53.8 %,0.00 %,0.03,0.00 %,277 Cr.,141 Cr.,142 Cr.,Commodities,Metals & Mining,Non - Ferrous Metals,Copper,444,156,186,134,1.17|1.05|0.65|1.97|1.39|1.92|1.62|4.59,"1,474",544,237|262|-260|372|252|86|832|1052|674|341|544|1474,34.60,13|10|18|16|28|-29|23|28|29|32|36|48
Travel Food,https://www.screener.in/company/TRAVELFOOD/consolidated/,"15,842 Cr.","1,203","1,445 / 1,008",35.9,110,0.00 %,42.4 %,35.3 %,1.00,1.91,10.3,-0.84 %,0.87 %,39.4 %,32.8 %,27.4 %,22.4 %,15.6 %,22.8 %,-62.1 %,17.0 %,0.00 %,0.17,0.00 %,135 Cr.,111 Cr.,77.8 Cr.,Consumer Discretionary,Consumer Services,Leisure Services,Restaurants,123,137,98,95,143.1|276.67|7.42|7.81|6.97|7.27|10.08|9.17,393,515,70|104|14|45|322|353|515|393,28.60,21|16|-22|6|35|30|33|39
Dixon Technolog.,https://www.screener.in/company/DIXON/consolidated/,"71,203 Cr.","11,711","18,472 / 9,600",49.5,769,0.07 %,42.0 %,37.4 %,2.00,1.06,16.1,-0.38 %,-0.92 %,3.82 %,3.90 %,3.36 %,2.24 %,58.8 %,77.5 %,76.3 %,54.0 %,0.00 %,0.21,-0.15 %,60.8 Cr.,48.2 Cr.,33.7 Cr.,Consumer Discretionary,Consumer Durables,Consumer Durables,Consumer Electronics,298,321,746,280,22.34|65.15|28.5|66.54|37.2|110.72|47.34|42.17,"1,782","1,150",44|42|53|68|-3|237|170|273|726|584|1150|1782,4.00,3|4|4|4|5|5|5|4|4|4|4|4
Schneider Elect.,https://www.screener.in/company/SCHNEIDER/,"33,034 Cr.","1,382","1,405 / 572",126,27.5,0.00 %,40.9 %,74.0 %,2.00,1.77,8.27,0.16 %,0.79 %,14.5 %,13.4 %,9.66 %,7.96 %,19.9 %,103 %,103 %,59.0 %,0.00 %,0.80,0.00 %,0.00 Cr.,0.00 Cr.,0.00 Cr.,Industrials,Capital Goods,Electrical Equipment,Heavy Electrical Equipment,97,52,41,55,0.14|2.03|2.27|4.62|2.28|1.72|2.19|4.06,308,189,18|25|5|-135|156|-52|4|8|120|88|189|308,9.60,-7|-2|3|-10|-1|2|2|5|6|9|13|15
Infosys,https://www.screener.in/company/INFY/consolidated/,"4,76,662 Cr.","1,175","1,728 / 1,089",15.9,229,4.07 %,40.0 %,31.9 %,5.00,1.73,99.3,-1.82 %,2.11 %,23.7 %,24.1 %,16.9 %,16.3 %,6.77 %,7.84 %,8.66 %,10.4 %,0.00 %,0.10,-0.14 %,"19,430 Cr.","17,828 Cr.","16,678 Cr.",Information Technology,Information Technology,IT - Software,Computers - Software & Consulting,"8,509","6,666","7,375","6,924",15.34|15.67|16.39|16.93|16.66|17.73|16.41|20.96,"33,986","35,694",8353|10028|11531|13218|14841|17003|23224|23885|22467|25210|35694|33986,24.40,28|27|27|27|24|25|28|26|24|24|24|24
Natl. Aluminium,https://www.screener.in/company/NATIONALUM/consolidated/,"75,486 Cr.",411,445 / 176,13.1,118,2.52 %,39.6 %,29.4 %,5.00,3.60,78.6,2.60 %,-1.60 %,44.4 %,44.7 %,32.5 %,31.4 %,7.77 %,59.3 %,59.3 %,34.9 %,0.00 %,0.00,0.00 %,"1,928 Cr.","1,928 Cr.","1,359 Cr.",Commodities,Metals & Mining,Non - Ferrous Metals,Aluminium,"1,722","1,595","1,430","1,049",3.2|5.7|8.53|11.26|5.71|7.79|8.69|9.38,"6,438","5,806",520|881|1436|1590|2409|-349|2199|3958|908|2719|5806|6438,31.60,25|14|14|15|25|6|20|32|16|21|45|44
ITC,https://www.screener.in/company/ITC/consolidated/,"3,77,513 Cr.",301,444 / 287,18.0,57.9,4.79 %,38.9 %,29.3 %,1.00,3.04,334,-1.28 %,0.25 %,34.6 %,34.3 %,26.9 %,26.4 %,3.60 %,2.98 %,2.70 %,9.24 %,0.00 %,0.03,0.00 %,"18,168 Cr.","17,958 Cr.","17,345 Cr.",Fast Moving Consumer Goods,Fast Moving Consumer Goods,Diversified FMCG,Diversified FMCG,"5,470","5,018","5,187","5,343",4.08|3.99|3.94|15.76|4.19|4.09|3.94|4.3,"18,464","17,627",9843|9799|10627|13169|12583|14690|12527|15776|18878|17179|17627|18464,35.20,37|37|36|38|38|39|35|34|36|37|34|35
Motherson Wiring,https://www.screener.in/company/MSUMI/,"26,328 Cr.",39.7,53.6 / 35.7,42.2,3.26,1.40 %,38.9 %,32.4 %,1.00,1.62,32.3,-0.40 %,0.24 %,9.24 %,10.7 %,5.45 %,6.50 %,17.5 %,8.72 %,8.72 %,%,0.00 %,0.11,0.00 %,385 Cr.,155 Cr.,290 Cr.,Consumer Discretionary,Automobile and Auto Components,Auto Components,Auto Components & Equipments,167,149,165,143,0.22|0.23|0.21|0.25|0.22|0.25|0.23|0.25,761,365,11|501|224|791|365|761,11.20,14|13|11|12|11|9
Waaree Energies,https://www.screener.in/company/WAAREEENER/consolidated/,"88,325 Cr.","3,071","3,865 / 2,402",22.4,502,0.07 %,38.8 %,32.8 %,10.0,1.38,20.1,0.15 %,1.46 %,22.3 %,18.8 %,15.5 %,13.3 %,57.8 %,99.6 %,76.0 %,125 %,0.00 %,0.22,-0.03 %,0.00 Cr.,0.00 Cr.,0.00 Cr.,Industrials,Capital Goods,Electrical Equipment,Other Electrical Equipment,"1,126","1,107",878,773,19.99|13.73|17.15|21.54|25.94|29.29|36.94|36.89,"1,627","3,158",83|67|698|1560|2305|3158|1627,14.20,5|4|4|12|14|19|22
Hyundai Motor I,https://www.screener.in/company/HYUNDAI/consolidated/,"1,51,925 Cr.","1,870","2,890 / 1,658",28.0,246,1.15 %,38.4 %,29.9 %,10.0,1.56,69.0,-1.00 %,1.12 %,12.2 %,12.9 %,7.68 %,8.15 %,5.47 %,4.84 %,%,%,0.00 %,0.05,0.00 %,"1,706 Cr.","1,706 Cr.","2,128 Cr.",Consumer Discretionary,Automobile and Auto Components,Automobiles,Passenger Cars & Utility Vehicles,"1,256","1,234","1,572","1,369",18.33|16.93|14.29|19.87|16.85|19.35|15.19|15.45,"7,321","4,345",5423|5138|6564|9252|4345|7321,12.60,10|12|13|13|13|12
JSW Dulux,https://www.screener.in/company/JSWDULUX/consolidated/,"13,302 Cr.","2,921","3,916 / 2,649",30.7,495,3.42 %,38.2 %,32.6 %,10.0,1.42,43.9,-0.23 %,1.21 %,14.1 %,15.7 %,12.0 %,10.5 %,-1.81 %,8.88 %,8.88 %,15.7 %,0.00 %,0.03,0.00 %,0.00 Cr.,455 Cr.,287 Cr.,Consumer Discretionary,Consumer Durables,Consumer Durables,Paints,126,74,"1,683",91,25.16|21.5|23.85|23.8|19.98|369.52|16.32|27.6,93,311,2|263|143|183|139|374|283|121|486|486|311|93,14.80,-20|10|13|11|12|14|14|14|14|16|16|14
Central Mine Pla,https://www.screener.in/company/CMPDI/,"17,636 Cr.",247,264 / 150,28.8,32.0,0.00 %,38.1 %,28.4 %,2.00,3.35,"10,296",%,%,33.6 %,40.0 %,26.5 %,31.7 %,18.7 %,27.4 %,-84.0 %,-67.1 %,0.00 %,0.00,%,0.00 Cr.,169 Cr.,78.0 Cr.,Industrials,Construction,Construction,Civil Construction,,188,173,277,1939.5|2.42|2.63,716,671,83|192|399|246|671|716,34.80,28|30|28|42|40|34
Netweb Technol.,https://www.screener.in/company/NETWEB/,"22,335 Cr.","3,923","4,492 / 1,700",109,127,0.07 %,37.5 %,32.8 %,2.00,1.44,22.4,-0.26 %,1.38 %,13.0 %,13.9 %,9.43 %,9.92 %,69.9 %,63.7 %,57.7 %,20.0 %,0.00 %,0.39,-4.02 %,0.00 Cr.,14.2 Cr.,5.60 Cr.,Information Technology,Information Technology,IT - Services,IT Enabled Services,71,73,31,30,2.7|4.64|5.27|7.52|5.38|5.55|12.94|12.4,171,-13,3|3|-10|5|27|18|-13|171,14.20,5|5|10|14|16|14|14|13
Billionbrains,https://www.screener.in/company/GROWW/consolidated/,"1,18,195 Cr.",188,227 / 112,56.7,15.4,0.00 %,37.3 %,28.8 %,2.00,1.20,62.4,-0.62 %,1.00 %,59.1 %,62.3 %,44.8 %,44.9 %,59.6 %,66.4 %,-63.2 %,%,1.30 %,0.03,-0.43 %,0.00 Cr.,0.00 Cr.,0.00 Cr.,Financial Services,Financial Services,Capital Markets,Stockbroking & Allied,686,547,471,378,13.51|20.71|1.69|1.81|0.79|0.89|1.09,-21,-962,-349|548|885|-962|-21,25.60,-55|35|27|62|59
Inventurus Knowl,https://www.screener.in/company/IKS/consolidated/,"28,584 Cr.","1,665","1,876 / 1,262",39.6,131,0.00 %,36.9 %,40.3 %,1.00,1.38,13.9,0.63 %,0.34 %,33.9 %,29.0 %,22.6 %,18.2 %,45.8 %,29.8 %,29.6 %,-26.8 %,0.00 %,0.34,0.00 %,0.00 Cr.,0.00 Cr.,217 Cr.,Information Technology,Information Technology,IT - Services,IT Enabled Services,206,183,181,152,5.57|6.59|7.56|8.61|8.83|10.53|10.68|12,674,318,163|175|233|288|210|318|674,33.80,31|37|39|38|29|29|34
Solar Industries,https://www.screener.in/company/SOLARINDS/consolidated/,"1,66,502 Cr.","18,400","18,699 / 11,641",99.3,694,0.05 %,36.8 %,31.5 %,2.00,2.06,18.6,-0.15 %,-0.02 %,26.6 %,26.9 %,17.6 %,17.7 %,12.4 %,28.7 %,28.7 %,43.5 %,1.76 %,0.24,0.00 %,99.6 Cr.,90.5 Cr.,81.4 Cr.,Commodities,Chemicals,Chemicals & Petrochemicals,Explosives,556,467,361,353,31.66|31.59|34.8|35.61|37.43|38.12|49.31|60.52,621,"2,468",230|243|118|254|314|325|357|298|656|1406|2468|621,23.20,20|21|20|21|20|19|20|19|19|24|27|27
Bharat Electron,https://www.screener.in/company/BEL/consolidated/,"3,07,742 Cr.",421,473 / 361,50.8,32.8,0.57 %,36.5 %,27.6 %,1.00,1.98,"1,198",1.00 %,-0.47 %,29.2 %,28.8 %,22.0 %,22.3 %,15.9 %,26.7 %,26.7 %,23.6 %,0.00 %,0.00,0.00 %,"1,827 Cr.","1,754 Cr.","1,520 Cr.",Industrials,Capital Goods,Aerospace & Defense,Aerospace & Defense,"2,226","1,580","1,287",969,1.08|1.49|1.79|2.91|1.33|1.76|2.16|3.04,"1,541",587,1434|2260|-61|-687|1514|2570|5093|4207|1199|4659|587|1541,25.60,17|19|21|20|24|21|23|22|23|25|29|29
Cummins India,https://www.screener.in/company/CUMMINSIND/consolidated/,"1,50,461 Cr.","5,428","5,473 / 2,921",64.6,285,0.96 %,36.3 %,28.2 %,2.00,3.16,200,1.35 %,-1.17 %,20.0 %,19.7 %,19.2 %,19.1 %,19.0 %,34.9 %,34.9 %,22.4 %,0.00 %,0.00,0.00 %,"1,428 Cr.","1,053 Cr.",821 Cr.,Industrials,Capital Goods,Industrial Products,"Compressors, Pumps & Diesel Engines",486,622,604,530,19.44|16.69|16.21|20.15|19.1|21.79|22.45|17.53,"1,685","1,285",233|589|696|748|632|553|601|789|712|820|1285|1685,16.80,14|17|16|16|14|15|11|14|14|16|20|20
Lloyds Metals,https://www.screener.in/company/LLOYDSME/,"1,03,938 Cr.","1,847","1,864 / 1,043",32.6,209,0.06 %,36.2 %,35.1 %,1.00,0.87,33.5,0.37 %,-0.14 %,33.0 %,29.1 %,23.4 %,21.6 %,59.8 %,52.4 %,47.0 %,543 %,5.17 %,0.47,-2.08 %,56.3 Cr.,52.3 Cr.,35.5 Cr.,Commodities,Metals & Mining,Minerals & Mining,Industrial Minerals,"1,066",889,606,635,11.03|5.77|7.44|3.87|12.13|11.5|16.32|18.93,"4,816","1,205",19|46|-6|30|-38|52|-15|-78|-516|1701|1205|4816,26.80,-4|4|4|4|3|6|4|21|24|27|29|33
Force Motors,https://www.screener.in/company/FORCEMOT/consolidated/,"26,296 Cr.","19,957","26,486 / 10,618",24.8,"3,183",0.20 %,36.1 %,29.2 %,10.0,1.87,401,0.47 %,-0.05 %,16.4 %,13.6 %,11.7 %,6.82 %,21.7 %,221 %,221 %,65.5 %,0.00 %,0.00,0.00 %,65.9 Cr.,52.7 Cr.,34.3 Cr.,Consumer Discretionary,Automobile and Auto Components,Automobiles,Passenger Cars & Utility Vehicles,279,406,351,176,87.81|102.47|87.51|329.92|133.82|266.14|308.21|211.38,"1,297",971,226|256|471|256|314|409|7|18|532|1014|971|1297,10.20,6|9|9|8|8|8|1|2|6|13|14|16
Mazagon Dock,https://www.screener.in/company/MAZDOCK/consolidated/,"99,175 Cr.","2,459","3,778 / 2,057",38.4,242,0.70 %,36.0 %,29.2 %,5.00,1.40,46.2,-0.07 %,-0.28 %,17.4 %,18.1 %,19.8 %,21.1 %,18.4 %,32.2 %,32.2 %,33.5 %,0.00 %,0.05,0.00 %,731 Cr.,698 Cr.,496 Cr.,Industrials,Capital Goods,Industrial Manufacturing,Ship Building & Allied Services,674,880,749,452,17.26|14.5|20.01|8.06|11.21|18.58|21.81|16.84,"-2,891","2,078",746|-1003|491|65|-96|68|-163|1516|684|2078|-2891,13.60,6|5|4|4|6|5|6|8|10|15|18|17
Triveni Turbine,https://www.screener.in/company/TRITURBINE/consolidated/,"22,318 Cr.",702,738 / 428,61.8,45.5,0.58 %,35.9 %,27.1 %,1.00,1.98,189,-1.57 %,1.92 %,20.6 %,21.9 %,16.6 %,16.7 %,20.5 %,27.6 %,27.6 %,27.4 %,0.00 %,0.02,0.00 %,143 Cr.,127 Cr.,89.6 Cr.,Industrials,Capital Goods,Electrical Equipment,Heavy Electrical Equipment,102,92,91,64,2.52|2.86|2.91|2.95|2.03|2.87|2.9|3.21,111,187,71|140|82|91|148|188|187|433|196|271|187|111,20.00,19|22|23|21|18|19|21|19|19|19|22|21
Hero Motocorp,https://www.screener.in/company/HEROMOTOCO/consolidated/,"99,781 Cr.","4,987","6,390 / 4,158",17.1,"1,080",3.26 %,35.8 %,28.5 %,2.00,1.91,97.5,1.72 %,-1.59 %,14.9 %,14.2 %,12.4 %,10.4 %,11.6 %,28.8 %,28.8 %,15.8 %,0.00 %,0.04,0.00 %,"3,702 Cr.","3,300 Cr.","2,739 Cr.",Consumer Discretionary,Automobile and Auto Components,Automobiles,2/3 Wheelers,"1,474","1,275","1,321","1,706",52.31|53.19|55.38|58.06|85.26|65.42|63.35|72.97,"8,315","4,297",2186|3722|4007|4017|1032|5518|4110|2104|2614|4923|4297|8315,13.20,13|16|16|16|15|14|13|11|12|14|14|15
Coal India,https://www.screener.in/company/COALINDIA/consolidated/,"2,88,446 Cr.",468,491 / 369,9.22,193,5.65 %,35.3 %,28.5 %,10.0,1.86,35.5,0.16 %,0.23 %,24.5 %,32.8 %,18.4 %,24.6 %,6.80 %,-0.69 %,-0.69 %,19.6 %,0.00 %,0.12,0.00 %,"16,485 Cr.","16,331 Cr.","14,791 Cr.",Energy,"Oil, Gas & Consumable Fuels",Consumable Fuels,Coal,"10,908","7,166","4,263","8,734",17.78|10.21|13.8|15.58|14.19|7.07|11.61|17.59,"43,215","29,200",14382|13154|16461|21115|16356|4977|10592|41107|35734|18103|29200|43215,29.00,23|24|16|11|25|22|21|23|32|33|33|24
Life Insurance,https://www.screener.in/company/LICI/consolidated/,"5,38,827 Cr.",852,980 / 722,9.37,279,1.18 %,35.1 %,37.8 %,10.0,5.95,,0.11 %,-0.06 %,4.87 %,5.99 %,5.88 %,5.39 %,7.61 %,16.9 %,16.9 %,%,0.00 %,0.00,0.00 %,"6,325 Cr.","7,590 Cr.","4,617 Cr.",Financial Services,Financial Services,Insurance,Life Insurance,"23,467","12,908","10,096","10,955",16.67|12.22|17.4|30.1|17.32|15.97|20.44|37.1,,"-9,145",13274|54367|80602|-3783|54519|26548|-9145,3.80,1|-1|0|0|4|4|6|5
C P C L,https://www.screener.in/company/CHENNPETRO/consolidated/,"15,234 Cr.","1,023","1,160 / 603",4.88,746,0.77 %,35.1 %,32.1 %,10.0,1.62,35.7,-0.28 %,1.09 %,7.48 %,1.72 %,4.88 %,0.36 %,-5.86 %,-4.22 %,-4.22 %,64.5 %,0.00 %,0.18,0.00 %,923 Cr.,74.5 Cr.,450 Cr.,Energy,"Oil, Gas & Consumable Fuels",Petroleum Products,Refineries & Marketing,"1,422","1,002",719,-40,23.98|-42.55|1.4|31.56|-2.69|48.3|67.26|95.48,"2,945","1,352",1083|2292|609|2757|-144|-620|452|1026|5749|2694|1352|2945,5.80,0|5|7|6|1|-6|9|6|7|7|2|7
Suzlon Energy,https://www.screener.in/company/SUZLON/consolidated/,"74,843 Cr.",55.0,74.3 / 38.2,23.7,6.96,0.00 %,35.1 %,40.6 %,2.00,1.65,6.24,0.12 %,-0.05 %,18.1 %,17.1 %,18.9 %,19.1 %,41.0 %,165 %,157 %,40.8 %,0.00 %,0.06,0.00 %,0.00 Cr.,0.00 Cr.,0.00 Cr.,Industrials,Capital Goods,Electrical Equipment,Heavy Electrical Equipment,"1,114",445,"1,279",324,0.22|0.15|0.29|0.87|0.24|0.94|0.33|0.82,"1,202","1,092",1119|-739|1602|-109|1267|-929|530|1302|491|80|1092|1202,15.80,-29|-3|20|12|0|-29|16|14|14|16|17|18
eClerx Services,https://www.screener.in/company/ECLERX/consolidated/,"14,841 Cr.","1,578","2,498 / 1,375",21.0,272,0.03 %,34.8 %,29.0 %,10.0,3.40,23.2,0.43 %,-1.36 %,25.5 %,24.0 %,17.2 %,15.4 %,15.8 %,13.7 %,15.3 %,24.2 %,0.00 %,0.15,0.71 %,9.20 Cr.,4.70 Cr.,5.37 Cr.,Services,Services,Commercial Services & Supplies,Business Process Outsourcing (BPO)/ Knowledge Process Outsourcing (KPO),190,192,183,142,11.38|14.72|14.38|15.97|14.87|19.22|20.4|20.13,873,655,243|418|312|305|206|333|365|444|493|526|655|873,27.00,34|37|35|27|22|23|29|31|27|27|24|26
Persistent Systems,https://www.screener.in/company/PERSISTENT/consolidated/,"80,628 Cr.","5,111","6,599 / 4,449",41.7,497,0.69 %,34.4 %,27.3 %,5.00,2.43,35.4,-0.68 %,0.67 %,19.0 %,17.2 %,13.1 %,11.4 %,20.9 %,27.7 %,26.4 %,35.1 %,0.00 %,0.06,0.00 %,631 Cr.,546 Cr.,439 Cr.,Information Technology,Information Technology,IT - Software,Computers - Software & Consulting,529,439,471,425,19.89|21.02|24.12|25.59|27.17|30.15|27.86|33.55,"1,767","1,157",312|254|286|421|432|352|736|845|956|1302|1157|1767,17.60,21|17|16|15|17|14|16|17|18|17|17|19
Polycab India,https://www.screener.in/company/POLYCAB/consolidated/,"1,43,182 Cr.","9,510","9,538 / 5,760",53.6,798,0.37 %,34.3 %,24.5 %,10.0,1.84,15.9,3.39 %,-3.18 %,13.9 %,13.2 %,9.38 %,8.73 %,27.0 %,30.0 %,29.8 %,24.9 %,0.00 %,0.02,0.00 %,708 Cr.,526 Cr.,439 Cr.,Industrials,Capital Goods,Industrial Products,Cables - Electricals,786,630,693,600,26.34|29.24|30.42|48.31|39.34|45.54|41.3|51.33,"3,811","1,809",150|221|296|362|1230|244|1252|512|1428|1296|1809|3811,12.80,9|9|9|11|12|13|13|10|13|14|13|14
Cemindia Project,https://www.screener.in/company/CEMPRO/consolidated/,"16,108 Cr.",938,983 / 481,27.0,140,0.33 %,33.8 %,28.2 %,1.00,1.25,4.80,-0.88 %,0.44 %,10.2 %,9.54 %,5.94 %,3.99 %,25.5 %,69.1 %,69.1 %,113 %,0.00 %,0.38,0.00 %,0.00 Cr.,34.4 Cr.,16.8 Cr.,Industrials,Construction,Construction,Civil Construction,242,111,108,137,5.83|4.19|5.07|6.6|7.99|6.27|6.46|14.1,500,203,44|465|326|68|-134|447|191|339|471|704|203|500,9.20,6|7|7|13|10|12|8|8|8|10|10|10
Inox India,https://www.screener.in/company/INOXINDIA/consolidated/,"13,504 Cr.","1,488","1,620 / 1,031",51.8,123,0.14 %,33.5 %,26.2 %,2.00,1.78,38.4,-0.01 %,0.45 %,21.0 %,21.8 %,16.4 %,16.9 %,18.0 %,19.4 %,19.4 %,-23.0 %,0.00 %,0.07,0.00 %,18.2 Cr.,18.2 Cr.,50.8 Cr.,Industrials,Capital Goods,Industrial Products,Other Industrial Products,75,61,61,61,5.8|5.45|6.43|7.22|6.73|6.7|6.69|8.29,117,122,85|188|231|97|177|122|122|117,21.40,22|20|23|21|21|22|22|21
Cupid,https://www.screener.in/company/CUPID/,"17,225 Cr.",128,134 / 17.6,159,3.35,0.00 %,33.5 %,27.3 %,1.00,4.65,51.7,-0.47 %,-0.13 %,38.4 %,23.2 %,27.7 %,22.7 %,35.0 %,51.2 %,50.8 %,30.7 %,24.8 %,0.13,0.48 %,0.00 Cr.,0.00 Cr.,2.53 Cr.,Fast Moving Consumer Goods,Fast Moving Consumer Goods,Personal Products,Personal Care,36,33,24,15,0.06|0.07|0.08|0.09|0.11|0.18|0.24|0.27,46,-11,7|13|20|3|18|19|42|10|33|8|-11|46,26.80,29|41|41|34|24|33|25|17|26|30|23|38
TD Power Systems,https://www.screener.in/company/TDPOWERSYS/consolidated/,"21,246 Cr.","1,360","1,365 / 453",89.0,68.6,0.10 %,33.4 %,24.7 %,2.00,1.95,173,2.33 %,-0.95 %,17.8 %,18.4 %,12.9 %,13.7 %,28.6 %,35.6 %,35.5 %,43.1 %,0.00 %,0.02,0.00 %,17.2 Cr.,18.7 Cr.,15.9 Cr.,Industrials,Capital Goods,Electrical Equipment,Heavy Electrical Equipment,72,56,60,50,2.26|2.64|2.88|3.39|3.21|3.85|3.61|4.62,129,40,47|-13|-20|-3|48|56|-3|11|89|84|40|129,16.00,3|2|3|2|7|7|12|12|15|17|18|18
Astrazeneca Phar,https://www.screener.in/company/ASTRAZEN/,"22,500 Cr.","9,000","10,691 / 7,552",108,320,0.36 %,33.4 %,23.6 %,2.00,1.87,91.2,0.07 %,0.24 %,14.8 %,14.2 %,10.2 %,11.5 %,28.7 %,43.3 %,43.3 %,19.4 %,0.00 %,0.04,0.00 %,80.0 Cr.,60.0 Cr.,42.0 Cr.,Healthcare,Healthcare,Pharmaceuticals & Biotechnology,Pharmaceuticals,33,54,56,58,15.79|-4.72|15.37|12.34|23.3|22.33|21.69|13.04,65,28,-1|-46|57|38|9|55|87|105|101|58|28|65,14.60,-3|-2|3|7|8|10|15|17|11|16|14|15
Premier Energies,https://www.screener.in/company/PREMIERENE/consolidated/,"45,958 Cr.","1,012","1,136 / 660",30.4,95.1,0.10 %,33.3 %,42.4 %,1.00,1.83,13.5,1.24 %,0.97 %,30.4 %,27.3 %,19.3 %,14.2 %,76.3 %,370 %,294 %,107 %,0.00 %,0.86,0.00 %,11.3 Cr.,22.5 Cr.,6.77 Cr.,Industrials,Capital Goods,Electrical Equipment,Other Electrical Equipment,457,392,353,308,5.93|4.57|5.66|6.16|6.83|7.8|8.65|10.08,"1,261","1,348",-66|237|5|37|90|1348|1261,16.20,10|8|4|5|15|27|30
Bagmane Prime REIT,https://www.screener.in/company/BAGMANE/consolidated/,"35,363 Cr.",104,105 / 103,39.4,,0.00 %,33.2 %,63.7 %,100,0.24,4.41,%,%,79.6 %,77.5 %,37.8 %,36.4 %,%,%,%,%,%,2.37,%,0.00 Cr.,0.00 Cr.,Cr.,Consumer Discretionary,Realty,Realty,Real Estate Investment Trusts (REITs),,,,,,"1,596","1,215",1073|1215|1596,79.00,79|78|80
Godfrey Phillips,https://www.screener.in/company/GODFRYPHLP/consolidated/,"36,118 Cr.","2,316","3,947 / 1,832",23.6,398,1.37 %,32.8 %,26.6 %,2.00,2.44,166,-0.24 %,-0.93 %,24.8 %,21.0 %,23.9 %,16.8 %,21.5 %,37.4 %,37.4 %,37.9 %,0.21 %,0.04,0.00 %,780 Cr.,494 Cr.,388 Cr.,Fast Moving Consumer Goods,Fast Moving Consumer Goods,Cigarettes & Tobacco Products,Cigarettes & Tobacco Products,521,343,305,356,14.65|15.92|20.25|17.9|22.84|19.56|22.01|33.43,518,107,63|319|245|516|362|375|310|479|736|290|107|518,23.00,14|14|11|11|16|21|21|24|23|22|21|25
Natco Pharma,https://www.screener.in/company/NATCOPHARM/consolidated/,"21,071 Cr.","1,176","1,227 / 789",13.6,483,0.51 %,32.8 %,28.0 %,2.00,4.10,52.5,2.21 %,0.07 %,49.6 %,43.9 %,42.5 %,34.8 %,31.6 %,139 %,141 %,33.7 %,0.00 %,0.03,-0.06 %,107 Cr.,170 Cr.,111 Cr.,Healthcare,Healthcare,Pharmaceuticals & Biotechnology,Pharmaceuticals,151,518,480,406,21.57|37.32|37.81|7.43|22.7|26.84|28.94|8.46,"1,697","1,212",144|93|112|346|464|669|417|299|46|849|1212|1697,34.60,24|25|25|34|42|38|30|30|14|35|44|50
Apar Inds.,https://www.screener.in/company/APARINDS/consolidated/,"51,044 Cr.","12,708","13,149 / 6,800",51.5,"1,208",0.41 %,32.7 %,19.5 %,10.0,1.50,4.37,0.03 %,0.95 %,8.51 %,9.71 %,4.40 %,5.08 %,25.9 %,48.2 %,45.8 %,42.0 %,0.00 %,0.14,0.00 %,205 Cr.,205 Cr.,131 Cr.,Industrials,Capital Goods,Electrical Equipment,Other Electrical Equipment,209,252,263,250,58.81|50.42|48.27|43.55|62.23|65.45|62.66|52.01,"1,291",-283,-632|298|412|312|225|632|94|281|244|698|-283|1291,8.20,7|5|7|9|7|6|7|7|6|9|10|9
CRISIL,https://www.screener.in/company/CRISIL/consolidated/,"29,409 Cr.","4,021","6,330 / 3,686",35.1,415,0.62 %,32.6 %,24.5 %,1.00,1.31,48.8,-0.49 %,0.52 %,29.7 %,27.9 %,18.8 %,18.6 %,9.64 %,7.25 %,7.22 %,14.2 %,0.00 %,0.10,0.00 %,439 Cr.,409 Cr.,386 Cr.,Financial Services,Financial Services,Finance,Other Financial Services,233,242,193,172,20.53|23.46|30.72|21.86|23.46|26.41|33.02|31.9,756,765,265|270|279|291|379|446|500|403|456|780|765|756,27.80,31|29|29|27|27|26|26|27|26|28|28|30
Ajanta Pharma,https://www.screener.in/company/AJANTPHARM/consolidated/,"38,760 Cr.","3,102","3,315 / 2,330",36.7,362,0.89 %,32.3 %,25.4 %,2.00,2.64,86.5,0.29 %,-0.22 %,25.6 %,27.3 %,19.4 %,19.7 %,13.4 %,21.1 %,22.2 %,11.0 %,17.9 %,0.06,-0.01 %,0.00 Cr.,351 Cr.,233 Cr.,Healthcare,Healthcare,Pharmaceuticals & Biotechnology,Pharmaceuticals,267,274,260,255,19.68|17.33|18.64|18.03|20.44|20.83|21.91|21.35,529,"1,157",279|326|609|281|375|457|576|562|792|785|1157|529,26.20,34|34|35|31|28|26|35|28|22|28|27|26
Aditya AMC,https://www.screener.in/company/ABSLAMC/consolidated/,"29,011 Cr.","1,004","1,124 / 708",29.7,140,2.39 %,32.2 %,25.2 %,5.00,1.04,254,-0.30 %,0.76 %,59.9 %,64.9 %,53.0 %,47.0 %,11.0 %,17.9 %,17.8 %,-35.0 %,0.00 %,0.02,0.00 %,736 Cr.,692 Cr.,489 Cr.,Financial Services,Financial Services,Capital Markets,Asset Management Company,187,270,241,277,8.18|8.41|7.78|7.91|9.6|8.36|9.33|6.48,812,708,0|346|315|497|512|563|437|685|708|812,63.20,34|42|49|57|61|66|61|64|65|60
LG Electronics,https://www.screener.in/company/LGEINDIA/,"1,03,173 Cr.","1,520","1,749 / 1,300",61.2,113,0.00 %,32.2 %,24.7 %,10.0,2.08,57.7,-0.27 %,0.88 %,9.79 %,12.8 %,6.85 %,9.03 %,7.39 %,7.82 %,%,%,0.00 %,0.06,0.00 %,0.00 Cr.,0.00 Cr.,"1,369 Cr.",Consumer Discretionary,Consumer Durables,Consumer Durables,Household Appliances,693,90,389,513,3.44|11.12|7.56|5.74|1.32|10.21,"1,721","1,654",2043|598|1871|1665|1654|1721,10.60,16|16|10|10|10|13|10
C D S L,https://www.screener.in/company/CDSL/consolidated/,"25,529 Cr.","1,222","1,829 / 1,116",56.0,93.8,1.03 %,32.0 %,24.5 %,10.0,2.92,"3,583",-1.04 %,-0.70 %,50.8 %,57.7 %,39.8 %,48.7 %,27.3 %,18.4 %,18.4 %,17.9 %,0.00 %,0.00,0.00 %,266 Cr.,261 Cr.,216 Cr.,Financial Services,Financial Services,Capital Markets,"Depositories, Clearing Houses and Other Intermediaries",80,133,140,102,6.42|7.75|6.22|4.8|4.9|6.71|6.38|3.84,467,543,43|28|43|79|86|82|193|283|249|386|543|467,58.40,43|52|54|59|56|40|62|66|57|60|58|51
Hind.Aeronautics,https://www.screener.in/company/HAL/consolidated/,"2,95,659 Cr.","4,421","5,150 / 3,479",32.4,614,0.89 %,32.0 %,24.0 %,5.00,2.61,"2,100",-0.65 %,0.75 %,29.5 %,31.0 %,27.6 %,27.0 %,7.11 %,16.1 %,16.1 %,23.0 %,0.00 %,0.00,0.00 %,"2,341 Cr.","2,675 Cr.","2,107 Cr.",Industrials,Capital Goods,Aerospace & Defense,Aerospace & Defense,"4,196","1,867","1,669","1,384",21.49|22.59|21.53|59.46|20.69|24.96|27.91|62.74,"10,906","13,643",-404|-748|-7700|1527|15117|10173|8830|8223|13643|10906,28.00,15|15|18|19|23|23|23|22|25|32|31|30
APL Apollo Tubes,https://www.screener.in/company/APLAPOLLO/consolidated/,"51,982 Cr.","1,872","2,301 / 1,492",43.2,191,0.30 %,31.6 %,25.3 %,2.00,1.34,13.4,4.40 %,-3.86 %,7.81 %,5.80 %,5.21 %,3.58 %,12.6 %,23.2 %,23.2 %,24.6 %,0.00 %,0.09,-0.02 %,236 Cr.,160 Cr.,155 Cr.,Industrials,Capital Goods,Industrial Products,Iron & Steel Products,354,310,302,237,6.96|1.94|7.82|10.56|8.55|10.86|11.17|12.76,"2,103","1,213",315|11|315|91|358|510|977|652|691|1112|1213|2103,6.80,6|7|9|7|5|6|8|7|6|7|6|8
Acutaas Chemical,https://www.screener.in/company/ACUTAAS/consolidated/,"24,941 Cr.","3,046","3,067 / 1,059",70.0,202,0.05 %,31.6 %,24.0 %,5.00,3.82,149,2.81 %,-2.10 %,35.9 %,23.0 %,26.6 %,15.9 %,29.5 %,62.0 %,55.8 %,38.3 %,0.00 %,0.02,0.00 %,20.5 Cr.,12.3 Cr.,13.1 Cr.,Healthcare,Healthcare,Pharmaceuticals & Biotechnology,Pharmaceuticals,134,106,72,44,1.71|4.56|5.49|7.63|5.41|8.82|13.19|16.09,292,118,29|8|15|27|28|-12|66|125|118|292,23.40,14|16|18|17|24|20|20|18|23|36
Pidilite Inds.,https://www.screener.in/company/PIDILITIND/consolidated/,"1,49,878 Cr.","1,473","1,575 / 1,259",60.9,106,0.67 %,31.0 %,23.9 %,1.00,2.38,62.5,-0.26 %,0.35 %,24.1 %,22.9 %,17.0 %,16.1 %,7.36 %,24.6 %,24.5 %,16.6 %,0.00 %,0.04,-0.01 %,"2,188 Cr.","1,017 Cr.","1,017 Cr.",Commodities,Chemicals,Chemicals & Petrochemicals,Specialty Chemicals,584,624,585,678,5.57|5.26|5.43|4.15|6.61|5.69|6.07|5.69,"2,828","2,287",552|907|794|796|845|1280|1392|955|1558|2724|2287|2828,21.00,16|22|22|22|19|22|23|19|17|22|23|24
NBCC,https://www.screener.in/company/NBCC/consolidated/,"26,050 Cr.",96.5,131 / 77.2,39.4,11.2,0.67 %,31.0 %,24.1 %,1.00,1.18,"30,373",-0.21 %,-1.50 %,4.79 %,5.23 %,5.29 %,5.14 %,13.2 %,19.7 %,19.7 %,24.2 %,0.00 %,0.00,0.00 %,275 Cr.,181 Cr.,151 Cr.,Industrials,Construction,Construction,Civil Construction,254,197,157,135,0.39|0.45|0.51|0.65|0.49|0.57|0.71|0.89,,657,-155|176|605|907|638|113|456|80|-374|-6|657,4.40,7|5|5|5|4|1|2|3|4|5|5|5
Authum Invest,https://www.screener.in/company/AIIL/,"41,718 Cr.",491,684 / 400,11.5,191,0.04 %,30.8 %,34.1 %,1.00,1.95,23.8,-0.22 %,0.02 %,89.6 %,124 %,93.0 %,121 %,71.4 %,85.2 %,85.2 %,267 %,0.00 %,0.17,0.02 %,11.9 Cr.,0.00 Cr.,2.38 Cr.,Financial Services,Financial Services,Finance,Non Banking Financial Company (NBFC),168,765,941,"1,766",17.64|12.87|9.94|6.42|20.8|11.08|9|1.98,"1,689",-148,21|-36|-13|26|-10|-34|-169|217|262|-107|-148|1689,,
International Ge,https://www.screener.in/company/IGIL/,"16,617 Cr.",384,442 / 287,28.5,60.0,0.67 %,30.7 %,23.2 %,2.00,8.25,348,-1.01 %,0.94 %,73.2 %,72.8 %,57.2 %,55.9 %,24.9 %,30.8 %,%,%,0.00 %,0.01,0.00 %,0.00 Cr.,105 Cr.,21.1 Cr.,Services,Services,Commercial Services & Supplies,Diversified Commercial Services,174,132,139,137,2.42|2.72|2.58|3.22|3.18|3.22|3.04|4.03,471,378,108|101|77|194|199|299|378|471,70.40,51|57|49|66|69|71|73|73
Engineers India,https://www.screener.in/company/ENGINERSIN/consolidated/,"12,871 Cr.",229,267 / 164,18.6,56.0,1.75 %,30.6 %,23.8 %,5.00,1.30,423,1.92 %,-1.19 %,17.7 %,16.7 %,17.6 %,18.4 %,5.66 %,26.3 %,26.3 %,15.8 %,0.00 %,0.01,0.00 %,281 Cr.,225 Cr.,202 Cr.,Industrials,Construction,Construction,Civil Construction,196,347,83,65,1.63|1.77|1.93|4.98|1.16|1.49|6.18|3.48,319,109,65|88|236|599|549|376|171|48|-113|222|109|319,13.00,13|14|21|24|15|14|11|12|9|9|17|18
HCL Technologies,https://www.screener.in/company/HCLTECH/consolidated/,"3,17,770 Cr.","1,171","1,780 / 1,103",18.3,277,4.60 %,30.6 %,24.0 %,2.00,2.22,27.5,-0.70 %,0.58 %,20.6 %,21.8 %,13.4 %,14.7 %,8.65 %,5.83 %,5.83 %,9.57 %,0.00 %,0.07,0.05 %,"14,661 Cr.","16,290 Cr.","13,901 Cr.",Information Technology,Information Technology,IT - Software,Computers - Software & Consulting,"4,490","4,082","4,236","3,844",15.69|15.61|16.92|15.87|14.16|15.61|15.02|16.54,"19,975","22,261",5539|3823|8995|8328|8971|13359|19618|16900|18009|22448|22261|19975,22.20,23|21|22|22|23|24|27|24|22|22|22|21
Eicher Motors,https://www.screener.in/company/EICHERMOT/consolidated/,"2,02,746 Cr.","7,391","8,233 / 5,220",36.5,915,0.94 %,30.5 %,24.0 %,1.00,1.90,101,-0.24 %,0.09 %,24.7 %,25.0 %,23.8 %,25.1 %,17.5 %,24.0 %,23.9 %,32.7 %,0.00 %,0.02,0.00 %,"2,249 Cr.","1,919 Cr.","1,430 Cr.",Consumer Discretionary,Automobile and Auto Components,Automobiles,2/3 Wheelers,"1,520","1,421","1,369","1,205",40.2|40.15|42.7|49.68|43.95|49.93|51.79|55.41,"4,805","3,980",1047|1463|1708|2482|1575|1694|1691|1527|2823|3724|3980|4805,24.20,13|27|31|31|30|24|20|21|24|26|25|25
KFin Technolog.,https://www.screener.in/company/KFINTECH/consolidated/,"14,310 Cr.",829,"1,388 / 785",40.5,97.0,0.91 %,30.5 %,22.9 %,10.0,3.28,103,0.10 %,0.34 %,40.6 %,43.9 %,27.1 %,29.2 %,21.8 %,21.7 %,20.9 %,46.7 %,0.00 %,0.03,-0.01 %,207 Cr.,129 Cr.,86.9 Cr.,Financial Services,Financial Services,Capital Markets,"Depositories, Clearing Houses and Other Intermediaries",81,92,93,77,3.97|5.21|5.25|4.94|4.49|5.42|5.33|4.7,370,399,63|101|205|253|223|289|399|370,42.80,40|35|44|45|41|43|44|41
Anthem Bioscienc,https://www.screener.in/company/ANTHEM/consolidated/,"42,977 Cr.",763,874 / 579,70.5,54.2,0.26 %,30.4 %,22.3 %,2.00,5.54,124,-0.09 %,3.95 %,39.2 %,36.4 %,28.7 %,24.5 %,26.2 %,20.9 %,21.6 %,-49.2 %,0.00 %,0.02,-0.01 %,0.00 Cr.,0.00 Cr.,0.00 Cr.,Healthcare,Healthcare,Pharmaceuticals & Biotechnology,Biotechnology,190,93,173,136,1.47|2.9|2.22|1.48|2.42|3.09|1.65|3.38,844,418,166|278|333|306|140|418|844,39.60,29|37|46|41|36|36|39
Lupin,https://www.screener.in/company/LUPIN/consolidated/,"1,03,246 Cr.","2,258","2,494 / 1,837",18.0,491,0.52 %,30.3 %,29.1 %,2.00,1.90,18.1,0.20 %,-0.26 %,31.5 %,23.2 %,20.7 %,14.4 %,18.9 %,141 %,141 %,37.2 %,0.00 %,0.29,-0.03 %,823 Cr.,548 Cr.,420 Cr.,Healthcare,Healthcare,Pharmaceuticals & Biotechnology,Pharmaceuticals,"1,469","1,181","1,485","1,221",17.58|18.69|18.74|16.92|26.69|32.36|25.73|31.94,"7,334","3,000",2733|-382|4114|1751|1666|1469|1822|367|1897|3648|3000|7334,17.00,28|26|26|20|17|15|17|1|10|19|23|32
Hexaware Tech.,https://www.screener.in/company/HEXT/consolidated/,"31,003 Cr.",507,900 / 400,21.1,103,2.26 %,30.1 %,24.9 %,1.00,1.40,18.5,-3.95 %,3.73 %,14.3 %,15.3 %,10.8 %,9.81 %,13.4 %,18.0 %,-6.83 %,2.80 %,0.00 %,0.11,0.00 %,700 Cr.,532 Cr.,534 Cr.,Information Technology,Information Technology,IT - Software,Computers - Software & Consulting,352,292,370,380,4.53|4.98|5.25|5.38|6.24|6.08|4.78|5.75,"1,739","1,548",413|393|473|476|549|596|1438|980|821|1516|1548|1739,14.60,17|17|16|17|16|16|17|16|13|15|15|14
Tata Elxsi,https://www.screener.in/company/TATAELXSI/,"27,073 Cr.","4,346","6,735 / 3,945",38.9,488,1.73 %,29.9 %,23.6 %,10.0,3.92,57.7,2.52 %,-0.89 %,22.5 %,26.1 %,18.5 %,21.1 %,6.11 %,-2.76 %,-2.77 %,13.8 %,0.00 %,0.05,0.00 %,467 Cr.,467 Cr.,402 Cr.,Information Technology,Information Technology,IT - Software,Computers - Software & Consulting,220,109,155,144,29.56|36.84|31.95|27.68|23.18|24.85|17.48|35.37,664,812,143|121|144|197|215|256|437|483|487|701|812|664,28.00,21|23|22|25|26|21|29|31|31|29|26|23
A B B,https://www.screener.in/company/ABB/,"1,43,526 Cr.","6,773","7,825 / 4,638",94.2,370,0.58 %,29.9 %,22.4 %,2.00,2.05,109,0.55 %,0.13 %,15.5 %,19.0 %,12.6 %,15.4 %,15.5 %,29.8 %,29.8 %,57.1 %,0.00 %,0.01,0.00 %,834 Cr.,936 Cr.,524 Cr.,Industrials,Capital Goods,Electrical Equipment,Heavy Electrical Equipment,"1,784",433,409,352,20.93|20.79|24.94|22.4|16.6|19.3|20.43|84.17,"1,220","1,332",479|382|863|792|625|667|318|650|742|1351|1332|1220,13.40,7|9|8|7|7|7|5|8|11|14|19|15
Black Box,https://www.screener.in/company/BBOX/consolidated/,"18,028 Cr.","1,016","1,035 / 435",66.4,53.1,0.10 %,29.8 %,44.2 %,2.00,1.75,2.79,-0.17 %,0.53 %,9.02 %,6.78 %,4.59 %,2.63 %,3.57 %,52.3 %,50.7 %,20.2 %,0.00 %,1.15,-0.12 %,16.9 Cr.,0.00 Cr.,3.39 Cr.,Information Technology,Information Technology,IT - Services,IT Enabled Services,50,56,47,60,2.43|2.21|3.04|3.31|3.57|2.79|3.27|2.92,-88,129,106|28|29|4|52|-72|1137|303|95|13|129|-88,6.60,-25|3|1|4|5|3|7|8|5|4|7|9
LTM,https://www.screener.in/company/LTM/consolidated/,"1,18,560 Cr.","3,997","6,430 / 3,901",21.9,810,1.88 %,29.6 %,23.1 %,1.00,1.60,27.5,0.12 %,0.10 %,17.9 %,17.1 %,12.7 %,12.1 %,8.43 %,7.03 %,6.95 %,10.5 %,0.00 %,0.10,-0.01 %,"2,220 Cr.","1,924 Cr.","1,894 Cr.",Information Technology,Information Technology,IT - Software,Computers - Software & Consulting,"1,387",960,"1,381","1,255",38.28|42.24|36.63|38.09|42.32|47.27|32.74|46.96,"4,799","4,546",642|858|1170|844|1395|1644|2400|3251|3095|5670|4546|4799,18.20,20|18|19|16|20|19|22|20|18|18|17|18
NMDC,https://www.screener.in/company/NMDC/consolidated/,"78,924 Cr.",89.8,94.2 / 66.8,11.3,36.9,3.61 %,29.6 %,23.6 %,1.00,2.87,72.4,0.12 %,-0.30 %,34.1 %,34.2 %,27.3 %,27.1 %,-2.72 %,-11.5 %,-11.5 %,13.6 %,0.00 %,0.11,0.00 %,"2,901 Cr.","2,125 Cr.","2,711 Cr.",Commodities,Metals & Mining,Minerals & Mining,Industrial Minerals,"1,757","1,698","1,968","1,477",1.61|2.24|1.38|2.14|1.68|2.24|1.93|2,"1,894","7,394",3734|3999|2502|2109|3376|4002|2126|7266|6942|1838|7394|1894,41.60,64|63|42|41|50|57|51|57|49|34|34|34
Emami,https://www.screener.in/company/EMAMILTD/consolidated/,"17,621 Cr.",404,635 / 385,22.5,67.0,2.48 %,29.6 %,27.9 %,1.00,2.31,77.9,-0.46 %,0.19 %,25.4 %,26.6 %,20.8 %,20.3 %,3.53 %,7.50 %,7.88 %,13.0 %,16.4 %,0.06,0.00 %,262 Cr.,436 Cr.,351 Cr.,Fast Moving Consumer Goods,Fast Moving Consumer Goods,Personal Products,Personal Care,143,319,148,164,3.5|4.87|6.39|3.72|3.76|3.4|7.32|3.28,801,896,534|562|730|588|554|531|922|644|749|779|896|801,26.40,26|29|31|28|27|26|31|29|25|26|27|25
Hitachi Energy,https://www.screener.in/company/POWERINDIA/,"1,58,644 Cr.","35,592","36,766 / 16,104",154,"1,161",0.02 %,29.0 %,21.9 %,2.00,1.55,109,0.99 %,-0.22 %,15.4 %,9.48 %,12.6 %,6.02 %,22.2 %,122 %,118 %,52.1 %,0.00 %,0.02,0.00 %,0.00 Cr.,26.8 Cr.,14.2 Cr.,Industrials,Capital Goods,Electrical Equipment,Heavy Electrical Equipment,330,261,264,132,2.46|12.34|32.41|41.26|29.52|59.31|58.65|74.14,"1,245","1,494",-73|610|-127|-127|5|252|1494|1245,8.80,10|8|6|7|6|7|9|15
Hind. Unilever,https://www.screener.in/company/HINDUNILVR/consolidated/,"5,20,094 Cr.","2,214","2,660 / 2,022",47.5,207,1.87 %,28.4 %,22.3 %,1.00,1.22,35.3,-0.61 %,0.65 %,23.3 %,23.5 %,17.0 %,16.6 %,2.10 %,2.43 %,2.43 %,5.98 %,0.00 %,0.03,0.00 %,"9,635 Cr.","12,455 Cr.","9,823 Cr.",Fast Moving Consumer Goods,Fast Moving Consumer Goods,Diversified FMCG,Diversified FMCG,"2,994","6,603","2,694","2,768",11.11|11.03|12.7|10.49|11.73|11.43|28.12|12.73,"10,999","11,886",3292|4171|5185|6059|5800|7623|9163|9048|9991|15469|11886|10999,23.80,17|18|19|21|23|25|25|25|23|24|24|23
Dr Lal Pathlabs,https://www.screener.in/company/LALPATHLAB/consolidated/,"27,215 Cr.","1,623","1,771 / 1,272",51.6,150,0.87 %,28.3 %,22.5 %,10.0,3.48,31.7,-3.11 %,2.17 %,28.3 %,28.4 %,19.3 %,20.1 %,11.1 %,30.3 %,30.1 %,12.5 %,0.00 %,0.08,0.00 %,411 Cr.,0.00 Cr.,122 Cr.,Healthcare,Healthcare,Healthcare Services,Healthcare Service Provider,132,91,152,134,6.37|7.73|5.78|9.26|7.9|8.99|5.4|7.84,636,569,122|159|171|197|219|284|398|447|456|535|569|636,26.80,24|26|26|25|24|26|28|27|24|27|28|28
Bajaj Auto,https://www.screener.in/company/BAJAJ-AUTO/consolidated/,"2,96,324 Cr.","10,602","10,799 / 7,858",27.5,"1,389",1.43 %,28.2 %,29.1 %,10.0,1.76,13.0,-0.02 %,0.28 %,20.8 %,18.7 %,16.9 %,14.3 %,19.9 %,21.1 %,21.6 %,18.1 %,0.01 %,0.58,0.02 %,"4,192 Cr.","5,864 Cr.","4,061 Cr.",Consumer Discretionary,Automobile and Auto Components,Automobiles,2/3 Wheelers,"3,492","2,750","2,122","2,210",69.55|49.61|78.62|64.52|79.15|75.99|98.38|131.02,"2,597","-1,406",2114|3690|3267|4328|2487|3850|3120|4197|5277|6558|-1406|2597,18.80,19|21|20|19|17|17|18|16|18|20|19|21
R R Kabel,https://www.screener.in/company/RRKABEL/consolidated/,"22,621 Cr.","2,000","2,060 / 1,165",44.6,228,0.49 %,28.1 %,21.4 %,5.00,1.65,10.0,0.70 %,-0.61 %,8.06 %,6.39 %,5.21 %,3.98 %,20.2 %,39.4 %,31.8 %,-4.23 %,0.00 %,0.13,-0.01 %,107 Cr.,67.8 Cr.,62.0 Cr.,Industrials,Capital Goods,Industrial Products,Cables - Electricals,168,118,116,90,5.71|4.38|6.06|11.42|7.94|10.28|10.46|14.85,295,494,216|-71|98|454|339|494|295,6.80,8|9|7|6|7|6|8
Schaeffler India,https://www.screener.in/company/SCHAEFFLER/,"65,686 Cr.","4,202","4,468 / 3,518",52.5,393,0.84 %,27.9 %,20.8 %,2.00,2.64,458,-0.20 %,0.21 %,19.1 %,18.2 %,12.8 %,12.1 %,11.0 %,11.3 %,11.3 %,32.7 %,0.00 %,0.01,0.00 %,547 Cr.,438 Cr.,363 Cr.,Consumer Discretionary,Automobile and Auto Components,Auto Components,Auto Components & Equipments,320,328,307,296,16.22|15.81|15.95|16.98|18.95|19.62|20.98|20.45,"1,343",884,117|182|193|401|238|510|649|465|751|900|884|1343,18.20,15|18|17|17|16|15|14|17|19|18|18|19
Trent,https://www.screener.in/company/TRENT/consolidated/,"1,52,463 Cr.","4,289","6,261 / 3,276",87.7,196,0.14 %,27.8 %,27.9 %,1.00,1.26,14.4,-0.03 %,0.82 %,18.3 %,16.5 %,8.67 %,8.38 %,34.6 %,71.1 %,71.1 %,68.9 %,0.00 %,0.37,0.00 %,213 Cr.,178 Cr.,129 Cr.,Consumer Discretionary,Consumer Services,Retailing,Speciality Retail,413,510,373,425,11.04|9.53|13.99|8.95|12.09|10.6|14.42|11.26,"2,668","1,661",-10|109|102|77|21|361|285|58|595|1349|1661|2668,15.40,4|5|7|10|9|15|4|13|14|16|16|18
United Spirits,https://www.screener.in/company/UNITDSPR/consolidated/,"94,265 Cr.","1,296","1,645 / 1,210",51.6,123,0.93 %,27.5 %,21.4 %,2.00,2.05,15.6,0.28 %,0.00 %,18.3 %,18.5 %,14.6 %,12.4 %,5.52 %,23.4 %,23.4 %,34.5 %,1.18 %,0.05,0.00 %,798 Cr.,870 Cr.,464 Cr.,Fast Moving Consumer Goods,Fast Moving Consumer Goods,Beverages,Breweries & Distilleries,539,418,464,417,6.67|4.69|4.61|5.79|5.73|6.38|5.75|7.41,"1,459","1,947",-196|283|647|925|948|783|1818|977|615|1118|1947|1459,16.80,-4|4|11|14|15|17|13|16|13|18|19|18
CG Power & Ind,https://www.screener.in/company/CGPOWER/consolidated/,"1,39,108 Cr.",883,889 / 526,113,50.6,0.15 %,27.0 %,20.8 %,2.00,1.91,138,0.01 %,0.49 %,13.1 %,13.3 %,9.84 %,9.56 %,21.2 %,10.3 %,9.17 %,65.3 %,0.00 %,0.01,0.00 %,205 Cr.,199 Cr.,166 Cr.,Industrials,Capital Goods,Electrical Equipment,Heavy Electrical Equipment,363,284,284,267,1.58|1.45|1.57|1.78|1.76|1.82|1.81|2.32,702,944,-672|-61|-540|380|811|692|-242|483|947|1028|944|702,13.20,5|2|-2|2|4|1|4|12|14|14|13|13
L&T Technology,https://www.screener.in/company/LTTS/consolidated/,"37,770 Cr.","3,561","4,747 / 3,010",28.0,611,1.61 %,26.7 %,21.5 %,2.00,1.84,28.6,-0.36 %,0.07 %,17.6 %,18.6 %,12.3 %,13.1 %,7.65 %,3.58 %,3.46 %,15.6 %,0.00 %,0.09,-0.01 %,615 Cr.,583 Cr.,514 Cr.,Information Technology,Information Technology,IT - Services,IT Enabled Services,333,303,329,316,29.63|30.2|30.45|29.38|29.79|31.01|28.55|31.33,"1,455","1,481",289|544|388|409|806|638|1332|1006|1313|1493|1481|1455,19.80,15|17|18|15|18|20|18|22|20|20|19|18
TBO Tek,https://www.screener.in/company/TBOTEK/consolidated/,"13,378 Cr.","1,232","1,765 / 1,004",57.2,128,0.00 %,26.7 %,24.6 %,1.00,1.31,9.11,-1.14 %,1.33 %,16.4 %,18.8 %,12.3 %,14.6 %,53.2 %,95.9 %,93.3 %,-44.7 %,0.00 %,0.52,0.00 %,0.00 Cr.,0.00 Cr.,0.00 Cr.,Consumer Discretionary,Consumer Services,Leisure Services,"Tour, Travel Related Services",54,68,63,59,4.47|5.61|5.53|4.6|5.43|5.8|6.22|4.94,289,226,6|93|-3|51|198|237|226|289,9.00,15|10|15|-15|7|18|19|16
Neuland Labs.,https://www.screener.in/company/NEULANDLAB/consolidated/,"22,077 Cr.","17,208","19,748 / 11,011",60.7,"1,461",0.07 %,26.6 %,21.4 %,10.0,2.09,21.4,-0.44 %,1.12 %,28.4 %,22.4 %,18.0 %,14.1 %,19.3 %,30.4 %,30.4 %,38.7 %,2.29 %,0.16,0.01 %,43.9 Cr.,15.5 Cr.,19.4 Cr.,Healthcare,Healthcare,Pharmaceuticals & Biotechnology,Pharmaceuticals,213,41,97,14,76.28|25.6|79.18|21.68|10.83|75.49|31.62|165.76,347,317,13|45|39|11|70|57|189|60|237|261|317|347,23.60,14|16|18|10|9|13|16|15|23|30|22|28
KPIT Technologi.,https://www.screener.in/company/KPITTECH/consolidated/,"20,986 Cr.",766,"1,434 / 625",31.0,129,1.11 %,26.3 %,21.0 %,10.0,1.03,13.6,-0.32 %,-0.70 %,18.9 %,21.0 %,10.5 %,14.1 %,24.2 %,21.2 %,21.2 %,36.8 %,0.00 %,0.24,0.00 %,204 Cr.,231 Cr.,162 Cr.,Information Technology,Information Technology,IT - Software,Computers - Software & Consulting,163,133,169,172,7.45|7.43|6.82|8.93|6.27|6.17|4.86|5.95,"1,195","1,390",0|151|389|628|475|462|1002|1390|1195,19.60,14|13|15|19|19|20|21|19
Gabriel India,https://www.screener.in/company/GABRIEL/,"16,144 Cr.","1,124","1,388 / 582",65.5,86.0,0.41 %,26.1 %,19.4 %,1.00,1.82,54.9,0.09 %,0.08 %,8.85 %,8.67 %,5.75 %,5.41 %,16.0 %,32.7 %,32.7 %,20.0 %,0.00 %,0.02,0.03 %,67.5 Cr.,57.4 Cr.,39.4 Cr.,Consumer Discretionary,Automobile and Auto Components,Auto Components,Auto Components & Equipments,66,61,56,54,3.67|3.56|3.67|3.76|3.76|3.88|4.22|4.57,146,189,69|100|91|136|104|93|120|204|95|136|189|146,7.40,7|8|9|10|9|9|7|6|6|7|9|9
Rubicon Research,https://www.screener.in/company/RUBICON/consolidated/,"16,122 Cr.",979,"1,019 / 571",95.7,39.3,0.00 %,26.0 %,28.9 %,1.00,1.37,6.26,-0.45 %,0.57 %,19.9 %,18.1 %,10.4 %,10.7 %,60.0 %,58.5 %,27.3 %,-38.0 %,0.00 %,0.88,-0.13 %,0.31 Cr.,0.30 Cr.,0.33 Cr.,Healthcare,Healthcare,Pharmaceuticals & Biotechnology,Pharmaceuticals,73,54,43,38,2.27|2.5|2.81|3.49|4.42,159,21,5|62|-63|-75|21|159,12.00,31|29|-12|5|18|20
J B Chemicals &,https://www.screener.in/company/JBCHEPHARM/consolidated/,"34,965 Cr.","2,178","2,285 / 1,603",47.9,259,0.71 %,25.8 %,19.2 %,1.00,4.92,177,1.45 %,-1.97 %,26.7 %,26.3 %,17.6 %,16.3 %,9.61 %,21.5 %,20.0 %,11.9 %,0.00 %,0.00,1.25 %,149 Cr.,241 Cr.,169 Cr.,Healthcare,Healthcare,Pharmaceuticals & Biotechnology,Pharmaceuticals,101,198,208,202,11.39|11.24|10.45|9.36|12.97|13.27|12.63|6.31,704,902,127|140|201|123|194|276|315|170|626|801|902|704,24.60,16|17|17|15|19|21|27|22|22|26|26|27
Titan Company,https://www.screener.in/company/TITAN/consolidated/,"3,65,315 Cr.","4,115","4,605 / 3,301",71.0,177,0.26 %,25.8 %,37.7 %,1.00,1.28,6.85,0.10 %,0.01 %,9.54 %,9.42 %,5.88 %,5.52 %,29.2 %,16.5 %,16.5 %,39.9 %,0.00 %,0.93,0.00 %,"1,335 Cr.",979 Cr.,970 Cr.,Consumer Discretionary,Consumer Durables,Consumer Durables,"Gems, Jewellery And Watches","1,179","1,684","1,120","1,091",8.05|7.93|11.79|9.81|12.29|12.62|18.97|13.28,"5,590",-541,503|576|1712|-51|1243|-348|4139|-724|1370|1695|-541|5590,10.60,10|8|9|10|10|12|8|12|12|10|9|10
Asian Paints,https://www.screener.in/company/ASIANPAINT/consolidated/,"2,54,326 Cr.","2,651","2,986 / 2,115",62.3,204,0.93 %,25.7 %,20.6 %,1.00,2.18,31.4,-0.67 %,0.66 %,17.7 %,21.4 %,11.7 %,15.6 %,5.23 %,8.40 %,8.40 %,7.81 %,9.85 %,0.18,0.00 %,"2,379 Cr.","3,194 Cr.","2,316 Cr.",Consumer Discretionary,Consumer Durables,Consumer Durables,Paints,"1,074","1,018","1,117",701,13.1|12.2|7.24|11.58|7.22|11.47|10.36|11.05,"4,424","6,104",1402|1188|2243|1527|2113|2470|3038|3683|986|4193|6104|4424,19.20,16|16|19|20|19|20|21|22|17|18|21|18
B P C L,https://www.screener.in/company/BPCL/consolidated/,"1,31,630 Cr.",303,392 / 267,5.03,231,5.79 %,25.7 %,28.8 %,10.0,0.79,12.9,1.11 %,-1.04 %,9.05 %,5.77 %,5.74 %,3.09 %,-1.28 %,98.5 %,98.5 %,15.7 %,0.00 %,0.54,0.00 %,0.00 Cr.,"4,273 Cr.","3,501 Cr.",Energy,"Oil, Gas & Consumable Fuels",Petroleum Products,Refineries & Marketing,"5,625","7,188","6,191","6,839",6.55|5.29|8.77|10.12|15.76|14.27|16.57|12.96,"50,769","23,678",20742|11119|9041|11068|10157|7881|23455|20336|12466|35970|23678|50769,6.60,4|7|7|6|5|3|9|6|2|10|6|9
Chambal Fert.,https://www.screener.in/company/CHAMBLFERT/consolidated/,"19,145 Cr.",478,602 / 400,9.84,260,2.12 %,25.5 %,20.4 %,10.0,2.33,380,-0.56 %,0.74 %,12.9 %,15.0 %,9.39 %,9.51 %,-9.20 %,24.8 %,26.4 %,7.41 %,23.5 %,0.10,0.40 %,240 Cr.,401 Cr.,313 Cr.,Commodities,Chemicals,Fertilizers & Agrochemicals,Fertilizers,169,586,649,549,11.19|13.39|13.34|3.25|13.7|16.19|14.64|4.22,,"1,394",1064|-27|1280|1172|-1130|827|6944|-24|3239|3327|1394,12.00,8|7|10|11|12|16|19|14|7|11|15|13
Jain Resource,https://www.screener.in/company/JAINREC/consolidated/,"13,878 Cr.",402,594 / 248,39.4,45.2,0.00 %,25.5 %,30.8 %,2.00,1.77,5.97,-0.68 %,1.46 %,5.85 %,5.26 %,3.69 %,3.10 %,46.0 %,56.7 %,-23.6 %,%,0.00 %,0.82,0.00 %,0.00 Cr.,0.00 Cr.,Cr.,Commodities,Metals & Mining,Diversified Metals,Diversified Metals,66,126,99,57,14.53|12.81|14.29|1.62|1.75|2.86|3.66|1.91,-602,4,11|33|4|-602,5.00,4|5|5|6
Sumitomo Chemi.,https://www.screener.in/company/SUMICHEM/,"24,211 Cr.",485,665 / 363,44.6,64.0,0.25 %,25.1 %,18.8 %,10.0,3.14,116,0.04 %,0.33 %,20.2 %,16.7 %,16.2 %,13.0 %,0.33 %,5.01 %,5.01 %,17.3 %,0.00 %,0.02,0.00 %,59.9 Cr.,294 Cr.,101 Cr.,Commodities,Chemicals,Fertilizers & Agrochemicals,Pesticides & Agrochemicals,75,178,180,98,2.19|2.57|3.82|1.69|1.97|3.6|3.56|1.5,459,756,20|4|52|-21|49|75|222|424|223|389|756|459,18.80,8|8|12|13|11|13|14|18|20|19|17|20
Alivus Life,https://www.screener.in/company/ALIVUS/,"13,395 Cr.","1,091","1,149 / 819",22.9,271,0.44 %,25.0 %,19.0 %,2.00,5.21,146,0.22 %,0.14 %,31.2 %,28.7 %,22.9 %,20.2 %,5.69 %,7.69 %,7.63 %,-33.3 %,0.00 %,0.02,-0.04 %,61.4 Cr.,61.3 Cr.,234 Cr.,Healthcare,Healthcare,Pharmaceuticals & Biotechnology,Pharmaceuticals,163,150,130,122,9.1|7.78|11.18|11.58|9.91|10.6|12.25|13.25,,392,0|10|195|388|598|306|414|392,29.80,-4|28|31|31|29|30|30|29|31
Havells India,https://www.screener.in/company/HAVELLS/consolidated/,"75,334 Cr.","1,201","1,623 / 1,142",44.6,151,0.83 %,24.9 %,19.0 %,1.00,1.71,29.0,-1.03 %,0.97 %,9.95 %,9.99 %,7.50 %,6.80 %,10.0 %,16.4 %,16.4 %,10.7 %,0.00 %,0.03,0.00 %,627 Cr.,627 Cr.,552 Cr.,Consumer Discretionary,Consumer Durables,Consumer Durables,Consumer Electronics,723,300,318,348,6.51|4.28|4.44|8.26|5.55|5.09|4.8|11.53,"1,572","1,523",963|513|767|1100|501|827|660|1728|565|1953|1523|1572,10.60,9|10|13|13|12|11|15|13|10|10|10|10
Bayer Crop Sci.,https://www.screener.in/company/BAYERCROP/,"19,937 Cr.","4,436","6,540 / 4,273",29.7,695,2.81 %,24.8 %,20.0 %,10.0,2.29,41.8,0.05 %,0.42 %,12.6 %,18.8 %,10.4 %,14.5 %,4.95 %,-1.82 %,-1.82 %,-0.06 %,0.00 %,0.03,0.00 %,561 Cr.,629 Cr.,593 Cr.,Commodities,Chemicals,Fertilizers & Agrochemicals,Pesticides & Agrochemicals,96,153,279,143,21.36|56.56|30.33|7.61|31.89|62.01|33.98|21.29,262,952,282|200|206|157|121|433|666|687|216|609|952|262,17.20,13|14|16|15|15|15|20|19|17|18|19|13
KSB,https://www.screener.in/company/KSB/consolidated/,"14,182 Cr.",815,"1,028 / 667",51.5,96.5,0.54 %,24.7 %,18.4 %,2.00,2.03,133,0.14 %,-0.31 %,14.0 %,13.4 %,10.8 %,9.83 %,14.0 %,17.0 %,17.0 %,25.2 %,0.00 %,0.00,0.00 %,76.6 Cr.,69.6 Cr.,60.6 Cr.,Industrials,Capital Goods,Industrial Products,"Compressors, Pumps & Diesel Engines",40,81,68,70,3.91|3.55|4.2|2.96|4.05|3.88|4.65|2.29,93,187,112|58|-25|77|202|171|62|38|142|187|93,13.60,13|13|13|11|12|12|14|14|14|13|13|14
Caplin Point Lab,https://www.screener.in/company/CAPLIPOINT/consolidated/,"15,707 Cr.","2,066","2,397 / 1,500",24.5,472,0.29 %,24.6 %,20.6 %,2.00,6.70,924,-0.43 %,0.09 %,34.8 %,33.6 %,29.7 %,27.9 %,14.2 %,19.6 %,19.5 %,21.8 %,0.00 %,0.00,0.00 %,30.4 Cr.,45.6 Cr.,35.7 Cr.,Healthcare,Healthcare,Pharmaceuticals & Biotechnology,Pharmaceuticals,173,166,160,151,16.31|17.21|18.28|18.76|20.1|20.32|21.56|22.38,523,432,50|42|68|66|83|45|269|337|271|318|432|523,32.60,24|27|31|36|36|30|31|31|30|33|34|35
Jyoti CNC Auto.,https://www.screener.in/company/JYOTICNC/consolidated/,"15,132 Cr.",665,"1,331 / 659",42.7,80.5,0.00 %,24.4 %,21.2 %,2.00,2.34,8.90,-0.75 %,0.29 %,27.0 %,22.5 %,17.8 %,11.3 %,34.5 %,105 %,41.9 %,20.2 %,15.4 %,0.40,0.00 %,0.00 Cr.,0.00 Cr.,0.00 Cr.,Industrials,Capital Goods,Industrial Manufacturing,Industrial Products,89,86,71,109,4.38|2.24|3.34|3.53|4.79|3.14|3.76|3.89,-105,-48,144|25|28|39|42|-48|-105,14.40,9|1|5|10|8|22|27
DOMS Industries,https://www.screener.in/company/DOMS/consolidated/,"13,401 Cr.","2,208","2,770 / 2,007",58.2,201,0.14 %,24.3 %,20.7 %,10.0,2.17,30.8,-0.76 %,0.86 %,17.3 %,18.2 %,10.3 %,11.2 %,24.3 %,34.0 %,-75.5 %,16.2 %,0.00 %,0.12,0.00 %,22.2 Cr.,19.1 Cr.,14.2 Cr.,Fast Moving Consumer Goods,Fast Moving Consumer Goods,Household Products,Stationary,58,61,61,59,8.54|8.46|8.36|7.98|9.44|9.6|9.54|9.35,254,183,37|15|51|173|183|183|254,15.60,12|7|10|15|18|18|17
Pfizer,https://www.screener.in/company/PFIZER/,"21,181 Cr.","4,630","5,993 / 4,460",27.9,919,0.75 %,24.2 %,18.0 %,10.0,6.06,109,0.10 %,-0.16 %,35.9 %,32.5 %,30.1 %,28.1 %,1.29 %,8.07 %,8.07 %,8.80 %,0.00 %,0.02,0.00 %,343 Cr.,755 Cr.,320 Cr.,Healthcare,Healthcare,Pharmaceuticals & Biotechnology,Pharmaceuticals,200,142,189,192,32.94|34.61|27.89|72.34|41.91|41.32|31|43.68,968,660,113|345|329|332|98|323|427|667|356|257|660|968,32.60,22|22|18|25|27|27|32|32|33|29|33|36
Radico Khaitan,https://www.screener.in/company/RADICO/consolidated/,"47,504 Cr.","3,547","3,695 / 2,438",77.0,248,0.11 %,24.2 %,20.3 %,2.00,1.92,13.8,-2.19 %,3.32 %,16.9 %,13.9 %,10.2 %,7.14 %,24.5 %,41.2 %,41.1 %,17.3 %,0.00 %,0.15,0.00 %,121 Cr.,53.5 Cr.,58.9 Cr.,Fast Moving Consumer Goods,Fast Moving Consumer Goods,Beverages,Breweries & Distilleries,179,155,140,131,5.64|6.03|7.14|6.88|9.75|10.42|11.57|13.4,743,363,-36|250|316|309|60|370|222|239|166|363|743,13.60,14|12|13|15|17|16|17|14|11|12|14|17
Avanti Feeds,https://www.screener.in/company/AVANTIFEED/consolidated/,"18,339 Cr.","1,346","1,594 / 614",29.0,221,0.67 %,24.0 %,19.5 %,1.00,4.61,407,-0.35 %,2.66 %,11.3 %,8.56 %,9.47 %,6.91 %,3.68 %,33.1 %,33.1 %,8.20 %,0.00 %,0.00,0.00 %,123 Cr.,91.9 Cr.,94.0 Cr.,Fast Moving Consumer Goods,Fast Moving Consumer Goods,Food Products,Animal Feed,163,169,186,157,7.64|9.41|8.34|9.92|11.14|13.09|11.25|10.96,584,260,56|89|122|278|281|184|178|383|-212|451|260|584,9.00,10|11|12|13|20|12|11|11|6|8|9|11
Emcure Pharma,https://www.screener.in/company/EMCURE/consolidated/,"32,515 Cr.","1,715","1,830 / 1,229",34.4,261,0.17 %,24.0 %,20.1 %,10.0,1.43,10.2,-0.24 %,0.00 %,20.3 %,18.6 %,10.5 %,9.00 %,15.4 %,20.8 %,18.9 %,16.4 %,0.04 %,0.31,0.00 %,0.00 Cr.,56.8 Cr.,36.7 Cr.,Healthcare,Healthcare,Pharmaceuticals & Biotechnology,Pharmaceuticals,244,231,251,215,7.95|10.29|8.11|9.97|10.92|12.84|12.16|12.84,944,852,444|500|704|768|747|1097|852|944,20.00,16|14|24|23|20|18|19|20
ICICI Lombard,https://www.screener.in/company/ICICIGI/,"93,012 Cr.","1,865","2,075 / 1,630",33.6,334,0.72 %,23.5 %,17.8 %,10.0,0.28,,-1.06 %,1.16 %,13.2 %,14.2 %,10.3 %,10.5 %,14.7 %,17.0 %,16.4 %,11.4 %,0.00 %,0.00,-0.02 %,673 Cr.,620 Cr.,554 Cr.,Financial Services,Financial Services,Insurance,General Insurance,547,659,820,747,11.77|14.03|14.63|10.28|15.04|16.47|13.23|10.96,"2,622","1,147",-98|511|1628|2390|2976|3433|1774|809|2290|2407|1147|2622,10.60,-5|13|12|-4|15|15|17|6|7|13|14|13
Coforge,https://www.screener.in/company/COFORGE/consolidated/,"60,856 Cr.","1,415","1,994 / 1,008",37.1,284,1.09 %,23.5 %,20.6 %,2.00,1.61,13.8,-11.2 %,-9.25 %,17.9 %,14.0 %,11.2 %,7.65 %,27.0 %,31.0 %,26.9 %,25.8 %,0.00 %,0.08,0.00 %,134 Cr.,508 Cr.,364 Cr.,Information Technology,Information Technology,IT - Software,Computers - Software & Consulting,666,297,425,356,3.99|6.06|6.45|7.81|9.49|11.23|7.47|18.23,"1,792","1,237",258|360|472|382|453|297|762|766|950|903|1237|1792,16.20,14|18|17|17|18|17|17|17|16|16|14|18
EIH,https://www.screener.in/company/EIHOTEL/consolidated/,"20,199 Cr.",323,435 / 271,26.6,75.2,0.47 %,23.4 %,18.0 %,2.00,3.00,48.8,0.46 %,-0.25 %,37.5 %,36.9 %,29.1 %,27.2 %,40.7 %,92.5 %,92.5 %,38.2 %,0.00 %,0.05,0.00 %,93.8 Cr.,75.0 Cr.,47.5 Cr.,Consumer Discretionary,Consumer Services,Leisure Services,Hotels & Resorts,255,117,37,262,3.56|1.47|2.08|4.23|4.04|0.54|1.82|3.89,825,712,299|321|231|243|272|282|317|-139|-19|614|712|825,5.80,22|20|21|17|19|22|18|-72|-3|30|37|37
Data Pattern,https://www.screener.in/company/DATAPATTNS/,"23,127 Cr.","4,131","4,303 / 2,131",84.5,310,0.19 %,23.3 %,16.9 %,2.00,10.4,30.4,0.93 %,1.41 %,40.4 %,38.8 %,29.6 %,30.4 %,26.8 %,30.4 %,30.4 %,-31.6 %,0.00 %,0.00,0.00 %,0.00 Cr.,44.2 Cr.,24.8 Cr.,Industrials,Capital Goods,Aerospace & Defense,Aerospace & Defense,138,58,49,26,5.86|5.41|7.98|20.38|4.55|8.79|10.41|24.72,80,-90,1|6|9|11|-4|13|55|50|-17|139|-90|80,41.00,22|16|18|16|19|28|41|45|38|43|39|40
Kajaria Ceramics,https://www.screener.in/company/KAJARIACER/consolidated/,"17,273 Cr.","1,084","1,322 / 870",33.2,192,0.84 %,23.3 %,17.9 %,1.00,2.97,33.1,-1.43 %,1.17 %,17.9 %,13.7 %,10.8 %,6.61 %,3.30 %,14.0 %,14.0 %,10.7 %,0.00 %,0.07,0.00 %,223 Cr.,143 Cr.,175 Cr.,Consumer Discretionary,Consumer Durables,Consumer Durables,Ceramics,157,86,134,110,5.64|5.29|4.88|2.67|6.84|8.35|5.51|9.78,664,501,180|316|338|238|317|224|509|426|296|602|501|664,15.80,16|19|20|17|15|15|19|17|14|16|14|18
N S D L,https://www.screener.in/company/544467/consolidated/,"16,192 Cr.",810,"1,425 / 788",42.6,118,0.25 %,23.2 %,17.4 %,2.00,1.34,76.5,-0.14 %,-0.21 %,28.1 %,26.4 %,24.8 %,23.1 %,14.4 %,18.2 %,18.2 %,-16.6 %,0.00 %,0.01,0.00 %,80.0 Cr.,40.0 Cr.,52.0 Cr.,Financial Services,Financial Services,Capital Markets,"Depositories, Clearing Houses and Other Intermediaries",90,90,110,90,3.89|4.81|4.29|4.16|4.48|5.52|4.48|4.51,713,558,116|104|148|327|113|558|713,26.40,38|44|31|25|22|26|28
Tech Mahindra,https://www.screener.in/company/TECHM/consolidated/,"1,42,093 Cr.","1,450","1,854 / 1,304",28.4,302,3.53 %,23.1 %,17.6 %,5.00,1.90,21.3,0.65 %,-0.45 %,15.9 %,13.1 %,8.79 %,7.46 %,2.16 %,1.17 %,0.98 %,2.22 %,0.00 %,0.07,-0.01 %,"4,517 Cr.","3,982 Cr.","3,812 Cr.",Information Technology,Information Technology,IT - Software,Computers - Software & Consulting,"1,356","1,119","1,202","1,129",8.71|12.78|10.05|11.92|11.65|12.19|11.45|13.82,"6,172","5,786",2448|3137|4071|3554|4432|4358|8094|5285|5572|6376|5786|6172,14.20,19|16|14|15|18|15|18|18|15|9|13|16
Welspun Corp,https://www.screener.in/company/WELCORP/consolidated/,"34,965 Cr.","1,326","1,410 / 710",21.7,347,0.39 %,22.9 %,19.4 %,5.00,1.33,11.1,-0.22 %,0.94 %,13.3 %,12.0 %,9.66 %,8.63 %,19.8 %,118 %,117 %,20.7 %,0.00 %,0.26,0.00 %,132 Cr.,131 Cr.,131 Cr.,Industrials,Capital Goods,Industrial Products,Iron & Steel Products,371,456,444,349,9.46|10.94|25.72|26.62|13.31|16.68|17.16|14.04,"3,204","1,504",901|354|403|981|623|648|774|218|-185|1306|1504|3204,9.20,10|11|9|7|7|12|11|7|5|9|12|13
Mphasis,https://www.screener.in/company/MPHASIS/consolidated/,"43,165 Cr.","2,262","3,037 / 2,013",22.9,563,2.54 %,22.8 %,18.5 %,10.0,1.38,13.5,-0.28 %,0.39 %,18.8 %,18.6 %,11.9 %,11.8 %,4.79 %,5.12 %,4.68 %,8.76 %,0.00 %,0.24,-0.04 %,"1,183 Cr.","1,083 Cr.","1,022 Cr.",Information Technology,Information Technology,IT - Software,Computers - Software & Consulting,510,442,469,442,21.39|22.37|22.56|23.49|23.22|24.65|23.21|26.71,839,"1,905",616|731|664|723|950|1321|1455|1716|1462|2180|1905|839,18.40,15|14|16|16|17|19|19|18|18|18|19|19
Coromandel Inter,https://www.screener.in/company/COROMANDEL/consolidated/,"54,622 Cr.","1,852","2,720 / 1,786",27.3,426,0.65 %,22.8 %,17.0 %,1.00,1.51,8.85,-0.77 %,1.50 %,10.2 %,10.7 %,6.19 %,7.14 %,2.04 %,0.02 %,-0.09 %,8.41 %,0.01 %,0.12,-0.51 %,324 Cr.,442 Cr.,330 Cr.,Commodities,Chemicals,Fertilizers & Agrochemicals,Fertilizers,115,488,793,502,10.56|22.55|17.37|19.67|17.13|27.31|17.15|4.74,"1,558","2,464",86|18|915|263|526|1862|4150|2078|591|1428|2464|1558,10.60,8|7|10|11|11|13|14|11|10|11|11|10
Petronet LNG,https://www.screener.in/company/PETRONET/consolidated/,"41,655 Cr.",278,326 / 235,10.6,149,3.53 %,22.7 %,18.6 %,10.0,5.67,22.6,0.83 %,-0.51 %,12.3 %,10.8 %,9.00 %,7.74 %,-10.1 %,5.56 %,5.56 %,5.88 %,0.00 %,0.11,0.00 %,450 Cr.,"1,500 Cr.","1,335 Cr.",Energy,"Oil, Gas & Consumable Fuels",Gas,LPG/CNG/PNG/LNG Supplier,"1,371",870,830,842,7.37|5.8|6.01|7.3|5.61|5.54|5.8|9.14,"4,750","4,398",901|3374|2068|2996|2141|2863|3559|3479|2519|4871|4398|4750,10.60,4|6|11|11|9|11|18|12|8|10|11|12
Grindwell Norton,https://www.screener.in/company/GRINDWELL/consolidated/,"21,278 Cr.","1,922","2,003 / 1,329",51.2,229,0.99 %,22.7 %,17.4 %,5.00,2.81,69.0,-0.83 %,0.83 %,18.7 %,18.3 %,13.6 %,12.4 %,6.54 %,5.87 %,5.87 %,13.4 %,0.00 %,0.02,0.00 %,210 Cr.,188 Cr.,176 Cr.,Industrials,Capital Goods,Industrial Products,Abrasives & Bearings,119,96,107,94,8.41|8.69|7.84|8.36|8.53|9.65|8.6|10.72,542,458,106|139|170|134|85|318|331|187|393|368|458|542,19.20,16|16|15|17|17|17|20|20|20|19|18|19
H P C L,https://www.screener.in/company/HINDPETRO/consolidated/,"84,783 Cr.",398,508 / 316,4.71,308,2.57 %,22.2 %,30.9 %,10.0,0.64,7.96,0.91 %,-1.06 %,6.93 %,3.79 %,4.09 %,1.55 %,0.08 %,66.1 %,66.1 %,11.6 %,0.00 %,0.85,0.00 %,"5,160 Cr.","2,235 Cr.","2,770 Cr.",Energy,"Oil, Gas & Consumable Fuels",Petroleum Products,Refineries & Marketing,"6,065","4,011","3,859","4,111",2.98|0.67|11.95|16.05|19.32|18.14|18.85|28.5,"36,111","14,228",19410|6651|10254|11037|8554|5469|17829|15810|-3466|23852|14228|36111,3.60,2|5|6|5|4|2|7|3|-2|6|4|7
Berger Paints,https://www.screener.in/company/BERGEPAINT/consolidated/,"60,137 Cr.",516,605 / 391,51.6,59.3,0.74 %,22.2 %,17.8 %,1.00,2.12,27.8,-0.57 %,0.63 %,15.4 %,16.1 %,9.83 %,10.1 %,3.98 %,10.7 %,10.7 %,10.3 %,0.00 %,0.09,0.00 %,466 Cr.,443 Cr.,386 Cr.,Consumer Discretionary,Consumer Durables,Consumer Durables,Paints,335,271,206,315,3.03|2.31|2.53|2.25|2.7|1.77|2.33|2.87,"1,540","1,269",414|595|394|422|611|725|796|566|976|1591|1269|1540,15.40,12|15|16|16|15|17|17|15|14|17|16|15
Himadri Special,https://www.screener.in/company/HSCL/consolidated/,"31,115 Cr.",617,654 / 418,41.6,93.3,0.13 %,22.1 %,17.8 %,1.00,2.18,16.5,0.23 %,0.13 %,20.6 %,18.5 %,16.2 %,12.0 %,3.76 %,46.6 %,39.2 %,67.3 %,0.00 %,0.16,0.00 %,40.4 Cr.,29.6 Cr.,22.8 Cr.,Commodities,Chemicals,Chemicals & Petrochemicals,Carbon Black,208,192,176,179,2.48|2.74|2.88|3.15|3.68|3.57|3.81|3.98,382,447,212|296|205|258|476|283|-40|331|54|405|447|382,14.20,9|12|17|22|23|16|8|6|10|15|19|21
Privi Speci.,https://www.screener.in/company/PRIVISCL/consolidated/,"13,017 Cr.","3,332","3,595 / 2,050",39.7,361,0.30 %,22.1 %,26.0 %,10.0,1.46,6.37,-0.27 %,0.42 %,25.2 %,21.8 %,12.4 %,8.75 %,16.8 %,144 %,144 %,26.8 %,0.00 %,0.72,0.00 %,39.1 Cr.,19.5 Cr.,14.8 Cr.,Commodities,Chemicals,Chemicals & Petrochemicals,Specialty Chemicals,94,75,90,58,8.02|11.42|11.37|17.01|15.84|24.02|19.95|23.96,550,281,17|107|21|247|172|5|49|354|281|550,18.40,12|13|16|16|16|14|12|19|22|25
Divi's Lab.,https://www.screener.in/company/DIVISLAB/consolidated/,"1,78,497 Cr.","6,724","7,078 / 5,636",68.1,631,0.44 %,22.0 %,16.5 %,2.00,5.43,152,0.21 %,-0.05 %,32.6 %,31.8 %,24.8 %,23.4 %,10.8 %,12.9 %,12.9 %,5.71 %,0.00 %,0.00,0.00 %,795 Cr.,795 Cr.,796 Cr.,Healthcare,Healthcare,Pharmaceuticals & Biotechnology,Pharmaceuticals,751,583,689,545,16.2|19.21|22.19|24.94|20.53|25.95|21.96|28.29,"2,738","1,653",826|1038|1150|776|954|1216|1947|1912|2460|1261|1653|2738,33.40,38|38|36|33|38|34|41|43|31|28|32|33
Elgi Equipments,https://www.screener.in/company/ELGIEQUIP/consolidated/,"17,885 Cr.",564,608 / 408,43.1,63.4,0.39 %,21.9 %,20.1 %,1.00,2.12,21.9,-0.91 %,1.00 %,15.1 %,15.2 %,9.93 %,9.55 %,11.6 %,27.3 %,27.3 %,52.5 %,0.88 %,0.26,0.00 %,69.7 Cr.,63.4 Cr.,51.7 Cr.,Industrials,Capital Goods,Industrial Products,"Compressors, Pumps & Diesel Engines",95,121,86,102,2.41|2.3|2.99|2.54|3.22|2.7|3.83|3,391,285,97|78|126|126|47|172|35|240|69|166|285|391,13.40,8|7|9|10|11|10|8|11|12|14|15|15
Bharti Hexacom,https://www.screener.in/company/BHARTIHEXA/,"77,835 Cr.","1,557","2,053 / 1,439",44.3,143,0.65 %,21.8 %,26.9 %,5.00,0.38,4.83,-0.29 %,0.32 %,52.3 %,49.1 %,18.8 %,15.6 %,12.4 %,47.4 %,17.0 %,26.5 %,0.00 %,0.86,0.00 %,900 Cr.,500 Cr.,335 Cr.,Telecommunication,Telecommunication,Telecom - Services,Telecom - Cellular & Fixed line services,447,474,421,392,10.22|5.06|5.22|9.37|7.83|8.42|9.47|8.93,"4,464","4,583",493|-316|1517|1258|5108|3546|4583|4464,44.80,-2|13|23|34|42|47|49|52
Bosch,https://www.screener.in/company/BOSCHLTD/consolidated/,"1,06,581 Cr.","36,137","41,945 / 28,610",45.4,"5,033",1.41 %,21.5 %,16.4 %,10.0,1.96,117,-0.12 %,0.15 %,13.2 %,12.8 %,11.7 %,11.1 %,10.3 %,18.1 %,18.1 %,19.3 %,0.00 %,0.01,0.00 %,796 Cr.,"1,510 Cr.","1,090 Cr.",Consumer Discretionary,Automobile and Auto Components,Auto Components,Auto Components & Equipments,570,533,554,"1,116",158.1|181.97|155.53|187.67|378.42|188.01|180.58|193.26,"2,175","2,373",1318|1457|1729|593|1336|835|269|1214|1258|2373|2175,12.60,19|19|18|18|15|12|12|12|13|13|13
Jupiter Wagons,https://www.screener.in/company/JWL/,"12,492 Cr.",292,419 / 236,51.8,65.4,0.34 %,21.5 %,17.0 %,10.0,2.04,6.60,-0.29 %,0.03 %,14.2 %,13.5 %,9.58 %,9.13 %,48.6 %,95.1 %,16.1 %,68.7 %,0.00 %,0.21,0.00 %,55.2 Cr.,24.7 Cr.,19.9 Cr.,Industrials,Capital Goods,Industrial Manufacturing,Railway Wagons,58,53,33,97,2.53|2.16|2.09|2.31|2.29|0.77|1.24|1.36,200,-6,71|9|4|6|-1|9|-15|67|60|73|-6|200,12.00,-15|-71|-12|2|0|6|2|11|10|12|13|14
Fine Organic,https://www.screener.in/company/FINEORG/consolidated/,"14,026 Cr.","4,575","5,494 / 3,856",34.1,869,0.24 %,21.5 %,16.6 %,5.00,8.49,131,-0.03 %,-0.15 %,20.3 %,22.6 %,17.4 %,18.1 %,-7.85 %,-12.6 %,-12.6 %,27.9 %,0.00 %,0.03,0.00 %,33.7 Cr.,33.7 Cr.,30.7 Cr.,Commodities,Chemicals,Chemicals & Petrochemicals,Specialty Chemicals,117,74,109,117,36.94|38.3|26.97|31.68|38.19|35.4|24.11|38.32,430,204,45|65|98|219|134|67|485|635|204|430,22.80,22|19|19|22|23|17|19|27|25|23|20
Navin Fluo.Intl.,https://www.screener.in/company/NAVINFLUOR/consolidated/,"37,776 Cr.","7,364","7,515 / 4,212",56.5,775,0.20 %,21.4 %,20.3 %,2.00,2.61,8.47,0.04 %,-0.48 %,32.6 %,22.7 %,20.2 %,12.3 %,16.8 %,22.2 %,20.8 %,21.3 %,0.00 %,0.32,0.00 %,77.4 Cr.,34.7 Cr.,60.1 Cr.,Commodities,Chemicals,Chemicals & Petrochemicals,Specialty Chemicals,213,185,148,117,10.32|11.86|16.86|19.15|23.62|28.96|36.18|41.48,894,571,1|76|92|169|90|157|237|75|-64|750|571|894,25.00,12|17|21|24|22|25|26|24|26|19|23|33
Vinati Organics,https://www.screener.in/company/VINATIORGA/,"13,911 Cr.","1,342","2,040 / 1,203",28.5,310,0.55 %,21.3 %,16.2 %,1.00,5.25,"1,583",-0.05 %,0.07 %,30.9 %,26.1 %,21.9 %,18.5 %,2.55 %,5.18 %,4.88 %,12.4 %,0.00 %,0.00,-0.01 %,88.1 Cr.,77.8 Cr.,75.5 Cr.,Commodities,Chemicals,Chemicals & Petrochemicals,Specialty Chemicals,138,108,129,113,8.3|10.24|9.22|12.31|10.88|12.45|10.46|13.26,628,494,113|167|130|138|200|416|219|127|516|338|494|628,27.40,25|33|34|27|38|40|37|27|28|25|26|31
Vijaya Diagnost.,https://www.screener.in/company/VIJAYA/consolidated/,"12,903 Cr.","1,254","1,379 / 848",74.6,93.0,0.16 %,21.3 %,19.7 %,1.00,2.60,8.00,-1.72 %,1.33 %,41.4 %,40.1 %,21.2 %,20.4 %,21.0 %,27.3 %,26.9 %,-2.00 %,1.48 %,0.44,-0.09 %,20.6 Cr.,20.5 Cr.,14.4 Cr.,Healthcare,Healthcare,Healthcare Services,Healthcare Service Provider,48,43,43,39,3.06|4.1|3.43|3.4|3.76|4.21|4.2|4.66,271,224,62|91|106|130|158|165|183|224|271,41.00,32|37|39|44|44|40|40|40|41
Supreme Inds.,https://www.screener.in/company/SUPREMEIND/consolidated/,"45,552 Cr.","3,586","4,740 / 3,182",47.8,486,1.00 %,21.2 %,16.1 %,2.00,2.20,43.8,-2.11 %,2.02 %,13.8 %,13.7 %,8.50 %,8.83 %,6.83 %,4.10 %,4.10 %,-0.44 %,0.00 %,0.01,0.00 %,457 Cr.,432 Cr.,381 Cr.,Industrials,Capital Goods,Industrial Products,Plastic Products - Industrial,434,153,165,202,21.52|16.26|14.72|23.14|15.93|12.97|12.07|34.13,"1,225","1,004",601|296|465|508|556|539|1246|470|890|1413|1004|1225,14.40,16|16|17|16|14|15|20|16|13|15|14|14
Blue Star,https://www.screener.in/company/BLUESTARCO/consolidated/,"33,605 Cr.","1,634","2,050 / 1,450",60.4,167,0.56 %,21.2 %,17.1 %,2.00,1.31,11.3,-0.86 %,1.02 %,7.50 %,7.35 %,4.49 %,4.89 %,15.8 %,26.5 %,23.8 %,47.5 %,0.00 %,0.24,0.00 %,175 Cr.,185 Cr.,143 Cr.,Consumer Discretionary,Consumer Durables,Consumer Durables,Household Appliances,227,81,99,121,8.21|4.68|6.45|9.42|5.88|4.82|3.92|11.04,154,688,215|257|159|19|258|457|350|92|247|289|688|154,6.80,5|4|5|6|7|5|6|6|6|7|7|8
Zydus Lifesci.,https://www.screener.in/company/ZYDUSLIFE/consolidated/,"1,08,472 Cr.","1,078","1,094 / 836",20.0,269,0.09 %,21.2 %,21.2 %,1.00,1.27,17.3,-0.11 %,0.12 %,31.2 %,30.4 %,20.3 %,20.6 %,16.4 %,32.0 %,32.2 %,19.2 %,0.00 %,0.46,0.00 %,101 Cr.,"1,107 Cr.",474 Cr.,Healthcare,Healthcare,Pharmaceuticals & Biotechnology,Pharmaceuticals,"1,341","1,023","1,239","1,521",14.11|9.06|10.17|11.64|14.58|12.51|10.36|12.65,"2,117","6,777",994|1894|1312|919|1282|2505|3293|2104|2689|3228|6777|2117,26.60,20|25|20|24|23|20|22|22|22|28|30|31
Shriram Pistons,https://www.screener.in/company/SHRIPISTON/consolidated/,"14,536 Cr.","3,300","3,767 / 2,275",25.4,659,0.31 %,21.0 %,21.6 %,10.0,1.71,13.5,1.03 %,-0.25 %,19.6 %,20.4 %,13.0 %,14.4 %,19.6 %,25.6 %,25.5 %,45.9 %,0.00 %,0.68,0.00 %,0.00 Cr.,44.0 Cr.,28.6 Cr.,Consumer Discretionary,Automobile and Auto Components,Auto Components,Auto Components & Equipments,159,126,142,135,26.22|28.33|27.2|33.26|30.35|31.76|27.92|35.48,625,434,129|255|183|175|157|297|190|219|395|487|434|625,18.80,15|17|17|17|15|11|14|15|18|21|20|20
Tata Technolog.,https://www.screener.in/company/TATATECH/consolidated/,"28,466 Cr.",701,797 / 507,46.5,96.6,1.18 %,20.9 %,16.3 %,2.00,1.53,26.6,0.26 %,0.52 %,15.5 %,18.1 %,11.1 %,13.1 %,7.64 %,-0.59 %,-0.61 %,%,0.00 %,0.24,-0.03 %,475 Cr.,475 Cr.,271 Cr.,Information Technology,Information Technology,IT - Services,IT Enabled Services,204,7,166,170,3.99|3.88|4.16|4.66|4.2|4.08|0.16|5.03,776,699,369|267|1113|-39|401|294|699|776,17.60,17|16|16|18|19|18|18|15
Kirl. Brothers,https://www.screener.in/company/KIRLOSBROS/consolidated/,"12,971 Cr.","1,633","2,476 / 1,333",32.1,310,0.43 %,20.8 %,17.7 %,2.00,1.83,17.3,0.19 %,0.06 %,12.0 %,13.6 %,8.99 %,9.25 %,6.75 %,19.7 %,19.7 %,20.4 %,0.00 %,0.10,0.00 %,55.6 Cr.,55.6 Cr.,43.7 Cr.,Industrials,Capital Goods,Industrial Products,"Compressors, Pumps & Diesel Engines",112,125,72,68,8.2|12.05|14.76|17.27|8.4|8.94|15.65|14.04,334,386,127|97|100|110|62|305|317|114|329|370|386|334,11.40,7|3|4|5|4|7|9|7|11|13|14|12
Sun Pharma.Inds.,https://www.screener.in/company/SUNPHARMA/consolidated/,"4,39,042 Cr.","1,830","1,917 / 1,547",35.2,348,0.87 %,20.5 %,16.0 %,1.00,2.82,49.5,-0.18 %,0.28 %,30.3 %,28.8 %,21.4 %,21.9 %,10.0 %,13.2 %,13.2 %,16.8 %,1.42 %,0.06,0.00 %,"3,839 Cr.","3,839 Cr.","3,215 Cr.",Healthcare,Healthcare,Pharmaceuticals & Biotechnology,Pharmaceuticals,"2,710","3,381","3,125","2,293",11.82|12.67|12.1|8.96|9.5|13|14.04|11.31,"12,419","14,072",5616|6686|7082|3907|2196|6555|6170|8985|4959|12135|14072|12419,28.00,29|29|32|21|22|21|25|27|27|27|29|30
Kalyan Jewellers,https://www.screener.in/company/KALYANKJIL/consolidated/,"36,605 Cr.",354,618 / 337,26.6,61.1,0.43 %,20.5 %,24.8 %,10.0,1.30,5.26,0.44 %,-1.10 %,6.97 %,6.33 %,3.86 %,2.86 %,36.4 %,44.5 %,44.4 %,195 %,24.8 %,0.97,0.10 %,258 Cr.,155 Cr.,118 Cr.,Consumer Discretionary,Consumer Durables,Consumer Durables,"Gems, Jewellery And Watches",410,416,261,264,1.72|1.27|2.12|1.82|2.56|2.52|4.03|3.97,"1,318","1,209",320|629|245|1013|1322|1209|1318,7.20,7|6|8|7|8|8|7|6|7
Dabur India,https://www.screener.in/company/DABUR/consolidated/,"79,222 Cr.",447,577 / 401,41.6,64.4,1.80 %,20.4 %,17.2 %,1.00,1.70,17.8,-0.07 %,0.17 %,18.6 %,18.4 %,14.2 %,13.8 %,4.59 %,4.01 %,3.97 %,2.33 %,0.00 %,0.11,0.02 %,"1,463 Cr.","1,418 Cr.","1,139 Cr.",Fast Moving Consumer Goods,Fast Moving Consumer Goods,Personal Products,Personal Care,362,554,445,508,2.82|2.4|2.95|1.81|2.9|2.55|3.16|2.08,"2,579","1,987",1047|1187|1227|1092|1499|1614|2115|1802|1488|2013|1987|2579,19.20,17|20|20|21|20|21|21|21|19|19|18|19
Alkem Lab,https://www.screener.in/company/ALKEM/consolidated/,"64,100 Cr.","5,361","5,934 / 4,716",26.7,"1,116",0.83 %,20.4 %,19.4 %,2.00,2.49,22.3,0.18 %,-0.15 %,19.4 %,17.8 %,17.1 %,15.1 %,6.83 %,9.30 %,9.30 %,13.9 %,0.00 %,0.18,0.00 %,538 Cr.,478 Cr.,476 Cr.,Healthcare,Healthcare,Pharmaceuticals & Biotechnology,Pharmaceuticals,653,779,668,322,24.55|45.6|57.6|52.34|25.58|55.56|63.99|53.19,"1,913","1,948",290|325|726|471|266|780|585|1265|1111|1682|1948|1913,18.40,13|12|18|18|16|15|18|22|19|14|18|19
Godawari Power,https://www.screener.in/company/GPIL/consolidated/,"19,102 Cr.",284,320 / 175,23.4,86.5,0.35 %,20.4 %,15.2 %,1.00,3.04,20.1,0.04 %,0.10 %,23.3 %,22.2 %,15.2 %,15.1 %,-2.16 %,0.40 %,2.03 %,6.02 %,0.00 %,0.08,-0.15 %,61.5 Cr.,138 Cr.,98.3 Cr.,Industrials,Capital Goods,Industrial Products,Iron & Steel Products,280,143,162,216,4.22|2.38|2.16|3.31|3.23|2.41|2.14|4.17,"1,157",895,551|377|15|451|550|551|969|1330|962|1044|895|1157,24.80,15|11|16|24|24|19|29|35|20|24|22|23
Usha Martin,https://www.screener.in/company/USHAMART/consolidated/,"14,704 Cr.",482,498 / 302,29.2,108,0.63 %,20.2 %,16.6 %,1.00,3.28,34.4,0.15 %,0.70 %,19.1 %,17.2 %,13.7 %,11.7 %,4.14 %,13.0 %,13.0 %,27.6 %,0.00 %,0.07,0.00 %,114 Cr.,91.6 Cr.,85.5 Cr.,Industrials,Capital Goods,Industrial Products,Iron & Steel Products,148,108,110,101,3.42|3.6|3.04|3.31|3.31|3.6|3.53|4.85,655,422,729|856|686|914|974|212|214|159|252|444|422|655,17.00,16|8|10|-9|-1|11|14|14|16|19|17|19
Metro Brands,https://www.screener.in/company/METROBRAND/consolidated/,"28,956 Cr.","1,062","1,340 / 883",70.4,73.1,0.51 %,20.2 %,22.2 %,5.00,2.89,5.97,-0.04 %,0.07 %,30.3 %,30.3 %,14.5 %,13.7 %,10.4 %,4.76 %,4.66 %,43.2 %,0.00 %,0.79,-0.03 %,164 Cr.,544 Cr.,203 Cr.,Consumer Discretionary,Consumer Durables,Consumer Durables,Footwear,118,130,69,99,3.37|2.56|3.48|3.48|3.62|2.49|4.71|4.28,474,698,82|155|196|273|265|220|381|590|698|474,30.60,18|17|17|21|28|28|22|31|32|30|30|30
K P R Mill Ltd,https://www.screener.in/company/KPRMILL/consolidated/,"32,189 Cr.",942,"1,257 / 796",37.2,167,0.53 %,20.2 %,16.2 %,1.00,4.37,23.0,0.15 %,0.29 %,19.1 %,19.5 %,13.0 %,12.5 %,2.44 %,3.20 %,3.20 %,11.2 %,0.00 %,0.10,0.00 %,171 Cr.,171 Cr.,118 Cr.,Consumer Discretionary,Textiles,Textiles & Apparels,Other Textile Products,227,209,218,213,5.95|6|5.92|5.98|6.22|6.38|6.1|6.65,"1,108","1,401",310|205|477|226|66|788|659|494|299|678|1401|1108,21.00,17|18|20|19|18|19|24|25|21|20|20|19
KEI Industries,https://www.screener.in/company/KEI/consolidated/,"50,565 Cr.","5,289","5,345 / 3,484",55.1,697,0.09 %,20.1 %,14.8 %,2.00,2.96,20.2,1.78 %,-1.44 %,10.5 %,10.2 %,7.82 %,7.15 %,19.4 %,24.4 %,22.0 %,26.3 %,0.00 %,0.04,0.00 %,43.0 Cr.,38.2 Cr.,32.5 Cr.,Industrials,Capital Goods,Industrial Products,Cables - Electricals,284,235,204,196,16.65|17.15|17.25|23.71|20.49|21.29|24.57|29.74,840,-32,199|186|-29|191|623|-13|154|229|514|610|-32|840,10.20,10|10|10|10|10|10|11|10|10|11|10|10
Syrma SGS Tech.,https://www.screener.in/company/SYRMA/consolidated/,"20,475 Cr.","1,062","1,188 / 499",63.8,146,0.14 %,20.0 %,18.3 %,10.0,1.80,10.3,0.13 %,0.70 %,11.3 %,8.54 %,7.25 %,4.56 %,33.0 %,39.3 %,35.3 %,-55.1 %,0.00 %,0.12,-0.44 %,28.9 Cr.,26.7 Cr.,21.8 Cr.,Industrials,Capital Goods,Industrial Manufacturing,Industrial Products,119,110,66,50,1.09|2.04|2.74|3.67|2.79|3.33|5.33|5.25,290,176,156|37|-13|-70|-114|176|290,9.00,16|11|10|9|6|9|11
ZF Commercial,https://www.screener.in/company/ZFCVINDIA/,"28,347 Cr.","14,951","16,665 / 11,811",55.3,"1,938",0.13 %,20.0 %,14.9 %,5.00,5.60,131,0.42 %,-0.47 %,15.7 %,16.5 %,12.6 %,11.9 %,5.59 %,17.8 %,17.8 %,41.5 %,0.00 %,0.01,0.00 %,7.58 Cr.,36.0 Cr.,24.6 Cr.,Consumer Discretionary,Automobile and Auto Components,Auto Components,Auto Components & Equipments,141,139,106,120,52.3|57.65|65.85|66|63.36|56.13|73.11|74.52,809,274,124|242|180|311|150|224|138|138|299|193|274|809,14.20,15|16|16|16|14|13|11|10|14|15|16|16
Astral,https://www.screener.in/company/ASTRAL/consolidated/,"42,471 Cr.","1,581","1,769 / 1,263",77.0,151,0.24 %,19.9 %,14.4 %,1.00,1.76,12.7,-0.71 %,1.73 %,16.2 %,16.2 %,8.39 %,8.60 %,8.39 %,6.84 %,6.83 %,6.51 %,0.00 %,0.06,0.00 %,67.2 Cr.,101 Cr.,84.7 Cr.,Industrials,Capital Goods,Industrial Products,Plastic Products - Industrial,213,108,135,79,4.48|4.09|4.25|6.67|3.02|5.02|4.01|7.93,"1,117",630,117|226|114|282|342|405|664|543|557|823|630|1117,16.20,12|12|14|15|15|17|20|17|16|16|16|16
Bikaji Foods,https://www.screener.in/company/BIKAJI/consolidated/,"16,007 Cr.",638,821 / 592,61.2,64.1,0.16 %,19.7 %,17.5 %,1.00,2.47,20.6,-0.24 %,0.66 %,13.7 %,12.6 %,8.60 %,7.43 %,15.0 %,24.0 %,23.8 %,-22.4 %,0.00 %,0.19,-0.04 %,31.3 Cr.,25.1 Cr.,20.5 Cr.,Fast Moving Consumer Goods,Fast Moving Consumer Goods,Food Products,Packaged Foods,56,62,78,59,2.33|2.76|1.14|1.78|2.39|3.18|2.48|2.25,304,193,55|117|57|171|245|193|304,12.80,9|11|9|11|17|13|14
Varun Beverages,https://www.screener.in/company/VBL/consolidated/,"1,79,245 Cr.",530,545 / 381,56.3,57.9,0.28 %,19.7 %,16.2 %,2.00,1.94,24.7,-0.80 %,0.79 %,23.4 %,24.1 %,13.6 %,13.4 %,18.1 %,24.0 %,22.3 %,49.0 %,0.00 %,0.13,0.00 %,507 Cr.,338 Cr.,301 Cr.,Fast Moving Consumer Goods,Fast Moving Consumer Goods,Beverages,Other Beverages,879,260,745,"1,325",3.86|1.91|0.55|2.15|3.89|2.19|0.74|2.58,"3,509","3,381",431|555|826|620|1000|1308|1012|1231|1790|2391|3381|3509,22.20,15|19|21|21|20|21|19|19|22|23|24|23
Uno Minda,https://www.screener.in/company/UNOMINDA/consolidated/,"64,438 Cr.","1,116","1,382 / 982",53.0,118,0.24 %,19.7 %,19.4 %,2.00,1.20,9.79,-0.87 %,0.92 %,11.4 %,11.2 %,6.64 %,6.03 %,20.5 %,23.3 %,23.0 %,41.2 %,0.00 %,0.40,-0.04 %,153 Cr.,129 Cr.,105 Cr.,Consumer Discretionary,Automobile and Auto Components,Auto Components,Auto Components & Equipments,352,300,323,309,3.46|4.27|4.05|4.64|5.06|5.27|4.79|5.64,"1,720","1,071",135|146|335|364|414|1049|343|383|803|979|1071|1720,11.00,7|9|11|12|12|11|11|11|11|11|11|11
Bharat Dynamics,https://www.screener.in/company/BDL/,"48,824 Cr.","1,332","2,097 / 1,086",84.2,115,0.35 %,19.7 %,14.4 %,5.00,2.30,232,-0.27 %,0.03 %,14.2 %,22.7 %,16.4 %,25.9 %,5.89 %,1.65 %,1.66 %,0.55 %,0.00 %,0.00,0.00 %,170 Cr.,193 Cr.,164 Cr.,Industrials,Capital Goods,Aerospace & Defense,Aerospace & Defense,73,216,18,273,7.88|0.2|3.34|4.01|7.44|0.5|5.89|1.99,167,412,-765|284|-420|-342|84|504|1068|530|2130|412|167,19.40,-1|10|13|12|15|20|24|18|26|16|23|14
Sai Life,https://www.screener.in/company/SAILIFE/consolidated/,"24,366 Cr.","1,149","1,185 / 704",68.6,117,0.00 %,19.6 %,15.4 %,1.00,1.69,13.1,-0.24 %,0.13 %,28.8 %,24.2 %,16.2 %,10.1 %,21.7 %,226 %,%,%,0.00 %,0.12,-0.09 %,0.00 Cr.,0.00 Cr.,27.4 Cr.,Healthcare,Healthcare,Pharmaceuticals & Biotechnology,Pharmaceuticals,104,100,84,60,2.59|4.24|2.9|4|4.75|4.92,,314,129|116|-36|105|219|263|314,20.40,25|23|22|15|14|20|24|29
Gujarat Gas,https://www.screener.in/company/GUJGASLTD/consolidated/,"25,983 Cr.",377,509 / 302,22.3,126,1.58 %,19.5 %,14.2 %,2.00,1.05,49.6,6.75 %,9.58 %,11.6 %,12.1 %,7.01 %,7.04 %,0.06 %,-3.80 %,-3.80 %,-0.76 %,0.00 %,0.02,-22.0 %,401 Cr.,390 Cr.,305 Cr.,Energy,"Oil, Gas & Consumable Fuels",Gas,LPG/CNG/PNG/LNG Supplier,267,280,328,288,5.96|4.8|4.48|3.21|4.18|4.76|4.06|3.88,"1,806","1,634",1094|637|701|785|964|1420|1659|1662|2375|1634|1806,14.40,12|12|15|15|13|16|21|13|14|12|12
Indus Towers,https://www.screener.in/company/INDUSTOWER/consolidated/,"1,14,008 Cr.",432,482 / 313,16.0,150,0.00 %,19.5 %,19.8 %,10.0,1.72,7.19,-0.82 %,0.73 %,54.8 %,68.6 %,22.0 %,32.1 %,4.61 %,50.4 %,51.5 %,15.1 %,0.00 %,0.53,0.23 %,"3,693 Cr.",0.00 Cr.,"1,332 Cr.",Telecommunication,Telecommunication,Telecom - Services,Telecom - Infrastructure,"1,793","1,776","1,839","1,737",7.15|8.43|15.17|6.74|6.58|6.97|6.73|6.8,"15,684","19,645",3990|1912|2866|3469|3159|2315|7481|9121|7905|11582|19645|15684,52.60,43|45|46|48|46|53|51|54|34|51|69|55
Aditya Infotech,https://www.screener.in/company/CPPLUS/consolidated/,"30,939 Cr.","2,625","2,650 / 1,015",122,135,0.00 %,19.5 %,20.9 %,1.00,1.47,10.7,1.35 %,4.56 %,7.96 %,8.01 %,4.83 %,4.76 %,23.6 %,18.6 %,-66.4 %,-27.5 %,0.00 %,0.08,-2.17 %,0.00 Cr.,0.00 Cr.,0.40 Cr.,Industrials,Capital Goods,Industrial Manufacturing,Industrial Products,96,70,33,55,2.2|21.28|3.66|5.01|2.99|5.97|8.17,27,-180,80|262|44|56|-180|27,7.20,5|5|8|7|8|8
Glenmark Pharma.,https://www.screener.in/company/GLENMARK/consolidated/,"66,526 Cr.","2,357","2,474 / 1,376",24.6,340,0.11 %,19.4 %,15.8 %,1.00,1.65,17.6,1.15 %,-0.81 %,17.6 %,10.1 %,9.89 %,-37.3 %,2.68 %,6.25 %,6.24 %,11.8 %,0.00 %,0.13,0.00 %,70.6 Cr.,70.6 Cr.,70.6 Cr.,Healthcare,Healthcare,Pharmaceuticals & Biotechnology,Pharmaceuticals,403,610,47,4,-43.17|12.06|12.55|12.33|0.16|1.66|21.63|14.29,-828,-265,854|482|345|657|1648|1324|1392|1131|1109|625|-265|-828,16.00,18|18|19|22|18|16|16|19|19|14|10|18
PG Electroplast,https://www.screener.in/company/PGEL/consolidated/,"13,528 Cr.",474,836 / 437,48.8,102,0.05 %,19.4 %,14.9 %,1.00,2.06,4.22,-0.84 %,1.83 %,9.94 %,9.56 %,5.91 %,4.93 %,63.6 %,99.6 %,81.3 %,%,0.00 %,0.20,0.00 %,7.08 Cr.,5.21 Cr.,2.46 Cr.,Consumer Discretionary,Consumer Durables,Consumer Durables,Consumer Electronics,62,3,67,145,2.67|3.21|0.74|1.4|5.13|2.36|0.1|2.17,-77,188,23|-23|57|-79|46|188|-77,8.60,7|1|2|7|8|8|10|10
Jindal Stain.,https://www.screener.in/company/JSL/consolidated/,"60,310 Cr.",732,884 / 633,18.6,240,0.41 %,19.3 %,17.8 %,2.00,1.25,8.57,-0.66 %,-0.08 %,12.9 %,11.4 %,7.52 %,6.36 %,6.36 %,15.3 %,15.2 %,39.9 %,0.51 %,0.38,0.82 %,330 Cr.,247 Cr.,206 Cr.,Commodities,Metals & Mining,Ferrous Metals,Iron & Steel,834,828,808,715,7.87|7.42|7.95|7.17|8.67|9.79|10.05|10.23,"3,395","4,718",554|966|5115|1452|1419|1180|1308|1038|3096|4818|4718|3395,12.40,5|8|13|12|9|9|12|16|10|12|11|13
Supreme Petroch.,https://www.screener.in/company/SPLPETRO/,"12,764 Cr.",679,982 / 461,38.1,126,1.54 %,19.2 %,14.6 %,2.00,2.02,33.1,-0.01 %,0.28 %,9.64 %,8.89 %,6.27 %,6.13 %,0.32 %,-10.9 %,-10.9 %,-6.84 %,0.00 %,0.05,0.00 %,150 Cr.,188 Cr.,172 Cr.,Commodities,Chemicals,Chemicals & Petrochemicals,Petrochemicals,168,30,48,81,6.49|4.8|3.79|5.68|4.3|2.56|1.6|8.94,246,342,80|84|69|213|133|120|435|672|304|557|342|246,11.60,4|5|10|6|3|5|21|18|12|9|9|10
Honasa Consumer,https://www.screener.in/company/HONASA/consolidated/,"12,663 Cr.",389,405 / 248,62.2,43.4,0.00 %,19.2 %,15.7 %,10.0,1.69,20.9,-0.88 %,0.60 %,9.87 %,3.32 %,8.52 %,3.52 %,17.0 %,118 %,62.8 %,14.9 %,4.15 %,0.10,0.00 %,0.00 Cr.,0.00 Cr.,0.00 Cr.,Fast Moving Consumer Goods,Fast Moving Consumer Goods,Personal Products,Personal Care,69,50,39,41,1.24|-0.57|0.8|0.77|1.27|1.21|1.54|2.13,141,102,30|45|-52|235|102|141,4.60,-290|1|2|7|3|10
Godrej Consumer,https://www.screener.in/company/GODREJCP/consolidated/,"1,05,087 Cr.","1,027","1,309 / 967",51.8,124,1.91 %,19.1 %,16.5 %,1.00,0.91,9.51,-1.47 %,1.51 %,20.8 %,21.0 %,13.4 %,13.0 %,4.46 %,5.51 %,5.49 %,3.04 %,0.00 %,0.35,0.00 %,"2,046 Cr.","2,558 Cr.","1,228 Cr.",Fast Moving Consumer Goods,Fast Moving Consumer Goods,Personal Products,Personal Care,452,498,459,452,4.41|4.8|4.87|4.03|4.42|4.49|4.87|4.42,"2,488","2,577",1027|847|1860|1723|1729|1588|2030|1451|2151|2070|2577|2488,20.20,17|20|21|21|21|22|22|20|18|21|21|21
Maruti Suzuki,https://www.screener.in/company/MARUTI/consolidated/,"4,17,053 Cr.","13,265","17,372 / 12,016",28.4,"3,408",1.03 %,19.0 %,14.4 %,5.00,1.07,81.1,-1.64 %,1.25 %,11.7 %,13.2 %,8.01 %,9.45 %,16.0 %,29.6 %,27.9 %,26.0 %,0.00 %,0.00,0.25 %,"4,402 Cr.","4,244 Cr.","3,421 Cr.",Consumer Discretionary,Automobile and Auto Components,Automobiles,Passenger Cars & Utility Vehicles,"3,659","3,879","3,349","3,792",119.58|98.68|118.54|124.4|120.62|106.52|123.38|116.38,"19,100","16,136",6449|8482|10282|11788|6601|3496|8856|1840|9251|16801|16136|19100,10.80,14|16|15|15|13|10|8|7|9|13|13|12
Crompton Gr. Con,https://www.screener.in/company/CROMPTON/,"18,635 Cr.",289,364 / 217,53.2,49.4,1.03 %,19.0 %,10.3 %,2.00,1.36,16.7,-0.06 %,0.38 %,10.4 %,11.7 %,4.87 %,8.01 %,7.38 %,-9.43 %,-9.80 %,-10.2 %,0.00 %,0.06,0.00 %,193 Cr.,193 Cr.,186 Cr.,Consumer Discretionary,Consumer Durables,Consumer Durables,Household Appliances,-537,98,70,125,2.45|1.92|1.74|2.65|1.94|1.09|1.53|-8.34,637,716,0|176|313|315|301|421|815|730|425|796|716|637,11.80,12|12|13|13|13|15|14|12|11|12|10
AIA Engineering,https://www.screener.in/company/AIAENG/consolidated/,"37,222 Cr.","3,989","4,206 / 3,001",32.0,789,0.40 %,18.9 %,15.4 %,2.00,5.33,38.6,0.22 %,-0.23 %,26.9 %,27.6 %,24.4 %,23.3 %,6.33 %,19.2 %,19.6 %,13.5 %,0.00 %,0.14,0.00 %,149 Cr.,151 Cr.,124 Cr.,Industrials,Capital Goods,Industrial Products,Castings & Forgings,293,277,305,285,27.62|27.52|27.51|27.78|30.56|32.69|29.73|31.55,"1,162",903,452|307|595|231|294|190|679|598|-40|868|903|1162,24.60,24|27|29|28|22|22|23|23|20|25|28|27
I O C L,https://www.screener.in/company/IOC/consolidated/,"2,00,945 Cr.",142,189 / 130,4.74,155,4.98 %,18.8 %,20.7 %,10.0,0.73,7.92,1.27 %,-0.90 %,9.82 %,4.75 %,5.57 %,1.61 %,-2.32 %,62.6 %,62.6 %,14.2 %,0.00 %,0.60,0.00 %,"1,765 Cr.","4,131 Cr.","7,624 Cr.",Energy,"Oil, Gas & Consumable Fuels",Petroleum Products,Refineries & Marketing,"15,176","13,502","8,191","6,808",2.5|-0.12|1.5|5.75|4.83|5.54|9.21|10.24,"76,142","34,699",46092|25624|28216|29115|12747|7146|49650|25747|29644|71146|34699|76142,7.40,2|6|10|10|7|3|11|8|4|10|5|10
CEAT,https://www.screener.in/company/CEATLTD/consolidated/,"13,395 Cr.","3,311","4,438 / 3,000",17.9,"1,247",0.90 %,18.7 %,15.9 %,10.0,0.68,3.88,-0.37 %,0.42 %,13.1 %,11.2 %,4.77 %,3.74 %,11.5 %,52.8 %,52.8 %,9.84 %,0.00 %,0.65,0.08 %,142 Cr.,12.1 Cr.,67.2 Cr.,Consumer Discretionary,Automobile and Auto Components,Auto Components,Tyres & Rubber Products,244,155,186,112,38.11|30.13|24.01|24.6|27.8|45.97|38.51|60.28,"1,786","1,092",749|702|335|672|561|956|1358|619|1205|1719|1092|1786,11.00,12|14|12|10|9|11|13|8|9|14|11|13
Bharti Airtel,https://www.screener.in/company/BHARTIARTL/consolidated/,"11,32,587 Cr.","1,859","2,175 / 1,740",39.4,245,0.86 %,18.5 %,21.9 %,5.00,0.52,3.25,-0.96 %,0.99 %,56.7 %,49.2 %,17.2 %,14.6 %,14.9 %,49.0 %,44.6 %,23.1 %,0.00 %,1.31,0.00 %,"14,625 Cr.","9,280 Cr.","6,491 Cr.",Telecommunication,Telecommunication,Telecom - Services,Telecom - Cellular & Fixed line services,"9,247","8,503","8,651","7,422",7.31|6.31|25.95|19.33|10.43|11.91|11.63|12.02,"122,230","98,332",28059|27942|28280|29854|20070|18129|48205|55017|65325|78898|98332|122230,51.60,35|35|37|36|32|42|45|49|51|52|49|57
Allied Blenders,https://www.screener.in/company/ABDL/consolidated/,"15,279 Cr.",546,720 / 382,66.4,59.4,0.98 %,18.4 %,14.4 %,2.00,1.34,3.63,-0.13 %,0.21 %,13.8 %,12.2 %,5.66 %,5.53 %,7.63 %,423 %,400 %,139 %,0.00 %,0.69,0.00 %,151 Cr.,101 Cr.,50.4 Cr.,Fast Moving Consumer Goods,Fast Moving Consumer Goods,Beverages,Breweries & Distilleries,38,64,63,56,0.4|1.7|2.05|2.81|2.02|2.3|2.38|1.46,362,-678,595|247|179|230|186|-678|362,9.20,8|8|7|6|7|12|14
GE Shipping Co,https://www.screener.in/company/GESHIP/consolidated/,"23,570 Cr.","1,651","1,798 / 913",8.02,"1,188",2.13 %,18.4 %,18.8 %,10.0,7.13,23.2,2.74 %,-0.95 %,58.2 %,50.3 %,54.4 %,35.3 %,-1.68 %,6.16 %,6.16 %,29.4 %,0.00 %,0.06,0.00 %,334 Cr.,424 Cr.,366 Cr.,Services,Services,Transport Services,Shipping,"1,044",813,581,504,56.87|40.32|41.58|25.43|35.34|40.72|56.91|73.13,,"2,647",1445|2151|1522|969|1096|1481|1534|1323|2975|2808|2647,53.00,42|52|46|40|30|33|50|44|55|58|50|58
AWL Agri Busine.,https://www.screener.in/company/AWL/consolidated/,"25,370 Cr.",195,286 / 171,23.9,80.3,0.52 %,18.3 %,10.7 %,1.00,1.26,2.97,0.71 %,-0.91 %,2.85 %,3.90 %,1.42 %,1.93 %,8.70 %,22.0 %,22.0 %,-33.7 %,0.00 %,0.11,0.00 %,129 Cr.,0.00 Cr.,25.9 Cr.,Fast Moving Consumer Goods,Fast Moving Consumer Goods,Agricultural Food & other Products,Edible Oil,293,269,245,238,2.41|2.39|3.16|1.46|1.82|1.88|2.07|2.25,"3,928","2,150",1693|781|726|1198|663|289|2150|3928,2.80,4|4|4|3|2|2|4|3
Endurance Tech.,https://www.screener.in/company/ENDURANCE/consolidated/,"38,558 Cr.","2,741","3,080 / 2,143",39.8,486,0.36 %,18.3 %,15.4 %,10.0,1.55,23.6,-0.58 %,0.57 %,13.5 %,13.4 %,6.63 %,6.77 %,18.4 %,27.1 %,27.1 %,13.2 %,0.00 %,0.19,0.00 %,0.00 Cr.,141 Cr.,89.3 Cr.,Consumer Discretionary,Automobile and Auto Components,Auto Components,Auto Components & Equipments,276,222,227,226,14.49|14.43|13.11|17.43|16.09|16.16|15.76|19.65,,"1,532",413|698|537|742|898|1011|621|742|862|1057|1532,12.80,12|13|14|15|15|16|16|13|12|13|13|13
Timken India,https://www.screener.in/company/TIMKEN/,"27,037 Cr.","3,594","3,775 / 2,800",67.9,395,0.99 %,18.3 %,13.7 %,10.0,2.89,145,0.02 %,0.48 %,17.9 %,18.8 %,11.6 %,14.2 %,6.80 %,0.68 %,0.68 %,22.7 %,0.00 %,0.00,0.00 %,18.8 Cr.,271 Cr.,66.2 Cr.,Industrials,Capital Goods,Industrial Products,Abrasives & Bearings,155,50,89,104,12.8|11.96|9.88|24.84|13.86|11.89|6.63|20.58,437,387,42|101|164|39|249|357|189|33|341|340|387|437,20.00,14|16|15|13|17|22|18|23|20|20|19|18
Rainbow Child.,https://www.screener.in/company/RAINBOW/consolidated/,"13,954 Cr.","1,374","1,646 / 1,009",49.9,162,0.22 %,18.2 %,17.9 %,10.0,3.61,5.64,-2.00 %,1.63 %,32.0 %,32.6 %,16.6 %,15.7 %,13.2 %,9.85 %,9.83 %,24.8 %,0.00 %,0.54,0.00 %,35.6 Cr.,30.5 Cr.,29.1 Cr.,Healthcare,Healthcare,Healthcare Services,Hospital,78,74,76,54,3.89|7.77|6.76|5.55|5.27|7.41|7.14|7.59,420,396,26|17|36|48|127|170|143|224|327|321|396|420,32.80,24|13|17|17|28|28|25|32|34|33|33|32
Gallantt Ispat L,https://www.screener.in/company/GALLANTT/consolidated/,"16,849 Cr.",698,948 / 422,34.8,137,0.17 %,18.2 %,15.7 %,10.0,2.95,15.5,-0.06 %,0.03 %,16.2 %,16.2 %,11.0 %,9.31 %,2.89 %,50.9 %,50.9 %,14.9 %,0.00 %,0.17,0.17 %,48.3 Cr.,30.2 Cr.,20.5 Cr.,Industrials,Capital Goods,Industrial Products,Iron & Steel Products,123,100,89,174,5.05|2.03|4.71|4.82|7.2|3.69|4.16|5.09,602,579,70|56|42|122|76|57|92|234|96|344|579|602,12.40,9|10|8|10|12|4|11|10|9|11|16|16
Happy Forgings,https://www.screener.in/company/HAPPYFORGE/consolidated/,"13,038 Cr.","1,382","1,490 / 862",43.2,226,0.22 %,18.2 %,15.2 %,2.00,2.35,39.4,-0.11 %,-0.25 %,30.4 %,28.9 %,19.5 %,19.0 %,8.92 %,13.1 %,11.1 %,-49.4 %,0.00 %,0.15,-0.02 %,37.7 Cr.,28.3 Cr.,23.1 Cr.,Industrials,Capital Goods,Industrial Products,Castings & Forgings,84,79,73,66,6.77|7.58|6.85|7.18|6.97|7.79|8.37|8.86,445,292,60|80|209|189|292|445,28.60,27|27|28|29|29|30
Garware Hi Tech,https://www.screener.in/company/GRWRHITECH/consolidated/,"13,301 Cr.","5,725","5,758 / 2,681",39.3,"1,143",0.21 %,18.0 %,13.4 %,10.0,4.43,55.4,0.02 %,-0.07 %,20.5 %,20.9 %,16.0 %,15.7 %,13.8 %,27.4 %,27.4 %,22.0 %,0.00 %,0.01,0.00 %,27.9 Cr.,27.9 Cr.,25.1 Cr.,Industrials,Capital Goods,Industrial Products,Plastic Products - Industrial,108,56,91,83,38.03|44.88|26.17|33.49|35.73|39.27|24.01|46.58,275,330,91|101|77|134|141|99|199|172|218|172|330|275,18.40,7|9|8|10|15|17|22|18|16|17|21|20
Choice Intl.,https://www.screener.in/company/CHOICEIN/consolidated/,"15,369 Cr.",690,860 / 569,70.6,75.0,0.00 %,18.0 %,16.1 %,10.0,2.06,4.55,-0.75 %,0.05 %,35.8 %,32.1 %,21.3 %,17.7 %,41.7 %,53.6 %,47.9 %,52.8 %,11.9 %,0.54,-0.01 %,0.00 Cr.,0.00 Cr.,0.00 Cr.,Financial Services,Financial Services,Finance,Holding Company,68,66,56,48,1.48|2.31|1.47|2.59|2.19|2.69|2.56|2.71,-267,-294,-22|28|-20|4|-36|26|-45|-34|138|-153|-294|-267,31.40,42|15|23|26|29|29|23|32|27|30|32|36
Ratnamani Metals,https://www.screener.in/company/RATNAMANI/consolidated/,"18,251 Cr.","2,604","3,345 / 1,900",37.3,586,0.54 %,17.9 %,12.6 %,2.00,3.92,23.9,-0.51 %,0.53 %,16.9 %,15.9 %,12.1 %,10.4 %,0.15 %,-1.39 %,-1.39 %,12.2 %,0.00 %,0.08,0.00 %,70.1 Cr.,98.1 Cr.,83.2 Cr.,Industrials,Capital Goods,Industrial Products,Iron & Steel Products,116,135,156,127,15|14.32|18.73|29.55|18.81|19.43|15.67|14.93,936,536,148|155|134|-73|554|215|546|-283|310|511|536|936,16.80,18|17|18|15|15|16|17|16|17|18|16|17
Indraprastha Gas,https://www.screener.in/company/IGL/consolidated/,"23,464 Cr.",168,229 / 142,15.1,82.2,2.57 %,17.9 %,14.0 %,2.00,1.16,130,0.08 %,-0.92 %,11.4 %,13.4 %,9.55 %,11.1 %,4.59 %,-0.94 %,-0.94 %,5.91 %,0.00 %,0.01,0.00 %,210 Cr.,980 Cr.,623 Cr.,Energy,"Oil, Gas & Consumable Fuels",Gas,LPG/CNG/PNG/LNG Supplier,339,392,385,428,3.44|3.25|2.33|3.25|3.06|2.76|2.81|2.43,"1,936","2,199",664|653|946|879|1157|1361|1546|1898|2231|1532|2199|1936,16.00,22|21|25|25|22|24|30|25|14|17|13|11
Apollo Hospitals,https://www.screener.in/company/APOLLOHOSP/consolidated/,"1,18,987 Cr.","8,275","8,490 / 6,680",60.8,659,0.23 %,17.9 %,22.1 %,5.00,1.06,6.96,-0.92 %,1.26 %,14.9 %,13.9 %,8.00 %,6.66 %,14.9 %,34.1 %,34.1 %,77.8 %,2.49 %,0.90,0.00 %,288 Cr.,182 Cr.,217 Cr.,Healthcare,Healthcare,Healthcare Services,Hospital,551,516,494,441,21.23|26.34|25.89|27.1|30.1|33.19|34.93|36.81,"2,856","2,136",470|597|623|537|905|1293|1265|1696|1377|1920|2136|2856,13.80,14|11|10|10|11|14|11|15|12|13|14|15
Wipro,https://www.screener.in/company/WIPRO/consolidated/,"2,17,183 Cr.",207,273 / 186,16.4,83.9,5.34 %,17.9 %,15.5 %,2.00,2.05,12.9,0.10 %,-0.52 %,19.2 %,20.2 %,14.3 %,14.8 %,0.78 %,5.18 %,6.78 %,5.01 %,0.00 %,0.23,-0.01 %,"11,537 Cr.","6,283 Cr.","4,436 Cr.",Information Technology,Information Technology,IT - Software,Computers - Software & Consulting,"3,522","3,145","3,262","3,336",2.87|3.07|3.2|3.41|3.18|3.1|2.97|3.34,"14,932","16,943",7840|7887|9277|8423|11632|10064|14755|11080|13060|17622|16943|14932,19.60,22|21|20|19|20|20|24|21|19|19|20|19
Oberoi Realty,https://www.screener.in/company/OBEROIRLTY/consolidated/,"61,798 Cr.","1,700","2,006 / 1,390",24.4,493,0.48 %,17.8 %,15.0 %,10.0,3.99,14.7,-1.16 %,1.12 %,55.9 %,58.7 %,42.0 %,41.0 %,12.8 %,10.4 %,10.4 %,27.9 %,0.00 %,0.16,0.00 %,291 Cr.,291 Cr.,225 Cr.,Consumer Discretionary,Realty,Realty,"Residential, Commercial Projects",703,623,760,421,16.08|16.21|17.01|11.91|11.59|20.91|17.12|19.34,"1,380","2,163",-938|453|174|-202|146|-282|696|1069|-2383|2816|2163|1380,52.60,56|48|51|53|45|47|49|44|50|54|59|56
L T Foods,https://www.screener.in/company/LTFOODS/consolidated/,"14,338 Cr.",413,519 / 332,22.9,130,0.73 %,17.7 %,14.9 %,1.00,1.76,7.62,-0.18 %,0.67 %,10.6 %,11.3 %,5.71 %,7.02 %,16.4 %,16.2 %,16.2 %,16.1 %,0.00 %,0.36,0.00 %,104 Cr.,104 Cr.,65.4 Cr.,Fast Moving Consumer Goods,Fast Moving Consumer Goods,Agricultural Food & other Products,Other Agricultural Products,136,157,164,168,4.41|4.27|4.13|4.62|4.85|4.72|4.53|3.91,910,462,9|297|227|60|103|477|445|517|258|757|462|910,11.00,10|12|11|10|10|11|12|11|10|12|11|11
M R P L,https://www.screener.in/company/MRPL/consolidated/,"26,368 Cr.",150,215 / 120,13.8,81.0,2.59 %,17.7 %,14.2 %,10.0,1.14,5.43,1.36 %,-0.71 %,7.03 %,2.44 %,2.17 %,0.06 %,-6.66 %,-10.3 %,-10.3 %,35.3 %,0.00 %,1.08,0.00 %,0.00 Cr.,0.00 Cr.,105 Cr.,Energy,"Oil, Gas & Consumable Fuels",Petroleum Products,Refineries & Marketing,117,"1,451",627,-271,0.42|-3.98|1.76|2.11|-1.54|3.58|8.28|0.67,"2,531","1,878",-731|1429|-1108|3972|1640|289|-2818|4496|6364|7051|1878|2531,6.20,-4|4|11|9|4|-6|2|7|6|9|2|7
Finolex Cables,https://www.screener.in/company/FINCABLES/consolidated/,"16,464 Cr.","1,076","1,173 / 701",24.2,373,0.74 %,17.7 %,13.4 %,2.00,7.67,491,0.20 %,0.67 %,10.2 %,11.7 %,13.2 %,13.0 %,12.2 %,5.40 %,5.40 %,12.4 %,0.00 %,0.00,0.00 %,122 Cr.,122 Cr.,106 Cr.,Industrials,Capital Goods,Industrial Products,Cables - Electricals,164,163,163,192,12.17|15.95|7.71|9.63|12.54|10.63|10.63|10.73,207,577,339|213|236|154|309|114|473|356|577|207,11.40,15|16|16|15|13|13|11|11|12|10
Laurus Labs,https://www.screener.in/company/LAURUSLABS/consolidated/,"73,941 Cr.","1,370","1,374 / 594",83.2,98.2,0.15 %,17.7 %,18.2 %,2.00,1.33,7.92,-0.70 %,1.54 %,26.1 %,19.0 %,13.1 %,5.76 %,4.09 %,3.99 %,3.92 %,-2.13 %,2.69 %,0.48,0.00 %,64.8 Cr.,64.7 Cr.,77.6 Cr.,Healthcare,Healthcare,Pharmaceuticals & Biotechnology,Pharmaceuticals,282,252,194,162,0.23|0.37|1.71|4.33|3.02|3.61|4.66|5.17,"1,624",602,-65|182|332|342|298|347|733|911|994|666|602|1624,23.00,15|20|21|20|16|20|32|29|26|15|19|26
Sundram Fasten.,https://www.screener.in/company/SUNDRMFAST/consolidated/,"18,444 Cr.",878,"1,080 / 730",30.7,203,0.91 %,17.5 %,14.9 %,1.00,2.12,22.0,1.23 %,-1.44 %,15.8 %,15.9 %,9.58 %,9.11 %,3.56 %,7.11 %,7.11 %,11.1 %,0.00 %,0.15,0.00 %,168 Cr.,151 Cr.,156 Cr.,Consumer Discretionary,Automobile and Auto Components,Auto Components,Auto Components & Equipments,161,131,153,148,6.75|6.78|6.2|5.92|7.06|7.18|6.21|7.68,837,423,106|595|244|456|457|718|454|401|469|589|423|837,15.80,12|7|18|18|18|16|18|16|15|16|16|16
Nuvama Wealth,https://www.screener.in/company/NUVAMA/consolidated/,"27,163 Cr.","1,491","1,702 / 1,097",26.1,226,1.85 %,17.5 %,27.4 %,2.00,1.40,2.42,0.55 %,-0.07 %,52.7 %,53.3 %,22.5 %,23.6 %,27.7 %,50.6 %,%,%,62.8 %,2.80,-0.07 %,255 Cr.,520 Cr.,155 Cr.,Financial Services,Financial Services,Capital Markets,Stockbroking & Allied,269,254,254,264,12.49|14.43|14.05|14.2|14.66|14.09|13.96|14.79,"-3,014",-371,-500|-1108|-1425|-1865|-1658|-371|-3014,46.40,64|32|36|40|50|53|53
Redington,https://www.screener.in/company/REDINGTON/consolidated/,"17,664 Cr.",226,335 / 191,11.0,130,3.02 %,17.5 %,16.9 %,2.00,1.41,6.16,-0.45 %,-0.16 %,1.87 %,2.17 %,1.16 %,1.34 %,14.5 %,4.66 %,4.66 %,15.8 %,0.00 %,0.28,0.00 %,469 Cr.,532 Cr.,513 Cr.,Services,Services,Commercial Services & Supplies,Trading & Distributors,288,413,350,233,3.15|3.75|5.12|8.51|3.52|4.96|5.57|5.01,231,293,257|-142|1360|186|1068|966|3497|989|-3234|1079|293|231,2.40,2|2|2|2|2|2|2|3|3|2|2|2
TVS Motor Co.,https://www.screener.in/company/TVSMOTOR/consolidated/,"1,63,104 Cr.","3,433","3,970 / 2,655",53.5,201,0.35 %,17.4 %,33.8 %,1.00,0.97,3.18,-0.53 %,0.56 %,14.9 %,14.9 %,5.74 %,5.24 %,20.6 %,32.9 %,32.9 %,38.3 %,0.00 %,3.43,0.00 %,0.00 Cr.,475 Cr.,254 Cr.,Consumer Discretionary,Automobile and Auto Components,Automobiles,2/3 Wheelers,820,891,833,643,9.7|11.8|11.91|13.64|12.84|16.74|17.71|16.24,"1,867","3,503",83|936|689|354|-918|373|1151|-1575|-4405|-1253|3503|1867,13.60,6|7|7|10|11|12|11|11|13|14|15|15
Sarda Energy,https://www.screener.in/company/SARDAEN/consolidated/,"18,800 Cr.",534,640 / 420,17.2,209,0.28 %,17.4 %,16.1 %,1.00,4.50,6.89,-0.04 %,0.39 %,31.4 %,26.6 %,19.4 %,14.8 %,10.6 %,22.4 %,22.4 %,24.6 %,0.00 %,0.36,0.00 %,70.5 Cr.,52.9 Cr.,47.7 Cr.,Commodities,Metals & Mining,Ferrous Metals,Iron & Steel,155,190,328,437,5.64|5.55|5.6|3.07|12.33|9.17|5.4|4.48,"1,735",886,-36|469|177|300|480|336|188|917|701|742|886|1735,27.80,21|13|15|18|21|18|24|35|25|21|27|31
Interglobe Aviat,https://www.screener.in/company/INDIGO/,"1,73,251 Cr.","4,481","6,232 / 3,895",38.2,220,0.22 %,17.3 %,104 %,10.0,1.43,1.87,-3.35 %,3.06 %,22.3 %,23.7 %,7.22 %,10.4 %,46.1 %,42.6 %,42.6 %,53.4 %,0.00 %,8.83,-0.01 %,386 Cr.,0.00 Cr.,77.3 Cr.,Services,Services,Transport Services,Airline,613,"-2,614","2,161","3,073",49.07|70.64|-25.6|63.2|79.53|55.91|-67.62|15.85,"24,065","21,183",1595|2384|3116|3782|3903|3160|6943|-1620|2064|12703|21183|24065,12.00,4|14|20|12|13|-1|11|0|2|12|24|22
Adani Power,https://www.screener.in/company/ADANIPOWER/consolidated/,"4,69,100 Cr.",243,245 / 105,36.6,33.7,0.00 %,17.3 %,21.2 %,2.00,1.41,5.60,0.09 %,0.28 %,36.5 %,38.1 %,23.9 %,22.7 %,11.8 %,6.04 %,6.04 %,58.6 %,1.81 %,0.84,0.00 %,0.00 Cr.,0.00 Cr.,0.00 Cr.,Utilities,Power,Power,Integrated Power Utilities,"4,271","2,488","2,906","3,305",2.03|1.73|1.59|1.37|1.76|1.53|1.29|2.08,"20,514","21,501",5824|5257|4725|5101|5610|5598|7014|10233|8431|14170|21501|20514,34.60,25|35|26|27|21|22|33|36|26|36|38|37
Indian Hotels Co,https://www.screener.in/company/INDHOTEL/consolidated/,"93,498 Cr.",657,812 / 565,49.4,91.7,0.49 %,17.3 %,15.6 %,1.00,2.49,13.0,-1.86 %,1.92 %,33.0 %,33.2 %,21.1 %,21.3 %,18.6 %,25.5 %,25.4 %,31.8 %,0.00 %,0.22,0.00 %,463 Cr.,320 Cr.,246 Cr.,Consumer Discretionary,Consumer Services,Leisure Services,Hotels & Resorts,645,954,318,329,1.75|3.9|4.09|3.67|2.08|2|6.35|4.21,"2,471","2,194",495|619|535|492|711|823|-319|672|1619|1935|2194|2471,28.40,10|15|15|16|18|22|-23|13|31|32|33|33
FSN E-Commerce,https://www.screener.in/company/NYKAA/consolidated/,"76,484 Cr.",267,286 / 191,365,5.02,0.00 %,17.2 %,15.3 %,1.00,1.16,3.97,0.25 %,-0.01 %,7.51 %,5.97 %,2.14 %,0.91 %,24.9 %,122 %,121 %,-36.0 %,0.00 %,0.86,-0.01 %,0.00 Cr.,0.00 Cr.,0.00 Cr.,Consumer Discretionary,Consumer Services,Retailing,E-Retail/ E-Commerce,79,68,33,24,0.03|0.04|0.09|0.07|0.08|0.12|0.22|0.27,644,467,-79|-100|6|133|-354|-140|0|467|644,5.60,-5|2|5|6|4|5|5|6|8
Avenue Super.,https://www.screener.in/company/DMART/consolidated/,"2,65,656 Cr.","4,073","4,950 / 3,529",89.5,375,0.00 %,17.2 %,13.0 %,10.0,1.98,29.7,0.29 %,-0.06 %,7.54 %,7.57 %,4.32 %,4.54 %,17.1 %,7.77 %,7.56 %,21.8 %,0.00 %,0.10,-0.14 %,0.00 Cr.,0.00 Cr.,0.00 Cr.,Consumer Discretionary,Consumer Services,Retailing,Diversified Retail,656,856,685,773,11.89|10.14|11.12|8.47|11.88|10.53|13.15|10.07,"3,467","2,463",222|433|455|730|807|1280|1375|1372|2630|2746|2463|3467,8.00,7|8|8|9|8|9|7|8|8|8|8|8
Global Health,https://www.screener.in/company/MEDANTA/consolidated/,"33,458 Cr.","1,244","1,456 / 955",60.0,147,0.04 %,17.1 %,15.2 %,2.00,2.67,10.0,-0.39 %,0.77 %,20.8 %,24.0 %,12.6 %,14.0 %,17.6 %,19.5 %,19.4 %,28.9 %,0.00 %,0.30,0.00 %,0.00 Cr.,0.00 Cr.,0.00 Cr.,Healthcare,Healthcare,Healthcare Services,Hospital,142,95,158,159,3.96|4.87|5.32|3.78|5.92|5.89|3.54|5.36,,624,228|63|166|175|242|311|645|612|624,23.00,22|9|12|13|14|21|24|25|24|21
Paradeep Phosph.,https://www.screener.in/company/PARADEEP/consolidated/,"13,382 Cr.",129,234 / 99.7,13.0,65.3,0.78 %,17.1 %,18.9 %,10.0,1.15,3.59,-3.07 %,2.24 %,9.86 %,9.20 %,4.70 %,3.91 %,17.8 %,48.3 %,36.8 %,-52.2 %,15.4 %,1.02,0.10 %,0.00 Cr.,81.5 Cr.,32.6 Cr.,Commodities,Chemicals,Fertilizers & Agrochemicals,Fertilizers,156,182,342,317,0.07|3.13|2.57|2.11|3.88|4.19|1.75|1.5,"-1,012","1,386",-920|1270|1501|-44|-2377|1437|1386|-1012,8.00,10|11|11|9|6|6|9|10
Chalet Hotels,https://www.screener.in/company/CHALET/consolidated/,"17,345 Cr.",792,"1,082 / 690",26.8,169,0.13 %,17.1 %,19.2 %,10.0,0.70,5.54,-0.37 %,0.58 %,42.9 %,42.8 %,23.3 %,8.22 %,34.9 %,60.2 %,56.7 %,45.3 %,31.9 %,0.64,-0.05 %,43.8 Cr.,0.00 Cr.,8.76 Cr.,Consumer Discretionary,Consumer Services,Leisure Services,Hotels & Resorts,163,124,155,203,2.78|-6.35|4.42|5.67|9.3|7.08|5.67|7.44,,950,79|201|249|366|252|60|62|477|689|950,37.20,14|23|15|31|32|34|2|19|40|41|43|43
V-Guard Industri,https://www.screener.in/company/VGUARD/,"13,689 Cr.",313,413 / 290,49.8,50.9,0.49 %,17.0 %,13.0 %,1.00,1.70,53.6,-0.05 %,0.07 %,7.34 %,7.96 %,4.83 %,4.82 %,12.0 %,15.3 %,14.9 %,6.32 %,0.00 %,0.03,-0.05 %,64.0 Cr.,65.4 Cr.,60.5 Cr.,Consumer Discretionary,Consumer Durables,Consumer Durables,Household Appliances,95,42,66,56,1.88|1.2|1.1|1.79|1.28|1.51|0.97|2.18,388,444,89|131|130|54|153|139|222|-33|416|350|444|388,8.00,8|10|10|8|9|10|11|10|7|8|8|7
TVS Holdings,https://www.screener.in/company/TVSHLTD/consolidated/,"27,418 Cr.","13,552","16,297 / 10,256",16.0,"3,201",0.69 %,17.0 %,30.7 %,5.00,0.86,2.97,0.16 %,-0.03 %,15.7 %,15.2 %,5.89 %,5.23 %,20.0 %,40.2 %,40.2 %,38.7 %,16.9 %,5.59,0.00 %,174 Cr.,188 Cr.,152 Cr.,Financial Services,Financial Services,Finance,Investment Company,865,969,880,675,107.37|137.76|191.11|140.09|166.11|219.24|244.14|209.96,"1,137","3,535",138|1075|838|324|-710|458|1215|-1548|-4111|-867|3535|1137,14.00,6|8|7|9|11|12|12|12|13|14|15|16
Tube Investments,https://www.screener.in/company/TIINDIA/consolidated/,"58,734 Cr.","3,034","3,420 / 2,165",89.2,400,0.11 %,17.0 %,9.91 %,1.00,1.87,32.0,-1.73 %,2.07 %,9.88 %,9.60 %,5.06 %,5.46 %,15.2 %,-11.4 %,-11.5 %,16.8 %,0.01 %,0.10,-0.01 %,67.7 Cr.,67.7 Cr.,67.6 Cr.,Consumer Discretionary,Automobile and Auto Components,Auto Components,Auto Components & Equipments,234,279,302,303,11.73|10.69|10.01|2.4|10.28|9.65|8.57|4.41,"1,161","1,213",0|383|409|493|596|257|896|1386|1306|1213|1161,11.40,9|7|9|12|11|12|13|12|10|10
Linde India,https://www.screener.in/company/LINDEINDIA/,"62,184 Cr.","7,292","8,049 / 5,653",107,463,0.06 %,16.9 %,12.3 %,10.0,0.88,43.0,0.02 %,-0.07 %,30.8 %,25.4 %,17.9 %,15.2 %,5.58 %,13.8 %,13.8 %,29.5 %,0.00 %,0.02,0.00 %,102 Cr.,102 Cr.,89.5 Cr.,Commodities,Chemicals,Chemicals & Petrochemicals,Industrial Gases,192,169,105,118,12.23|13.08|12.24|13.37|13.82|12.32|19.82|22.46,584,437,229|271|242|293|252|376|327|339|589|629|437|584,26.20,18|19|15|16|16|15|24|25|26|24|25|31
Affle 3i,https://www.screener.in/company/AFFLE/consolidated/,"21,274 Cr.","1,511","2,187 / 1,251",46.8,259,0.00 %,16.8 %,13.8 %,2.00,3.59,107,-1.13 %,1.54 %,22.5 %,21.3 %,16.8 %,16.8 %,23.6 %,23.0 %,20.8 %,25.0 %,0.00 %,0.00,-0.03 %,0.00 Cr.,0.00 Cr.,0.00 Cr.,Information Technology,Information Technology,IT - Services,IT Enabled Services,120,119,111,106,6.18|6.56|7.13|7.34|7.5|7.86|8.48|8.49,502,426,42|48|72|102|206|260|262|426|502,20.80,27|28|26|25|20|20|20|21|23
Honeywell Auto,https://www.screener.in/company/HONAUT/,"31,384 Cr.","35,502","41,600 / 26,220",58.8,"5,047",0.31 %,16.8 %,12.6 %,10.0,3.52,75.3,0.28 %,-0.25 %,12.9 %,14.1 %,11.4 %,12.5 %,10.7 %,6.82 %,6.82 %,3.02 %,0.00 %,0.02,0.00 %,96.8 Cr.,92.4 Cr.,88.1 Cr.,Industrials,Capital Goods,Industrial Manufacturing,Industrial Products,160,121,120,125,154.39|130.18|149.41|158.23|140.93|135.16|137.08|180.63,493,426,13|166|215|263|312|330|364|264|410|439|426|493,14.40,9|10|12|14|16|19|19|15|15|15|14|13
Kalpataru Proj.,https://www.screener.in/company/KPIL/consolidated/,"22,017 Cr.","1,289","1,336 / 1,007",21.7,455,0.71 %,16.6 %,14.2 %,2.00,1.25,3.67,-0.81 %,1.22 %,8.25 %,9.10 %,3.70 %,2.52 %,18.4 %,37.4 %,35.1 %,11.1 %,24.6 %,0.46,0.01 %,188 Cr.,154 Cr.,136 Cr.,Industrials,Construction,Construction,Civil Construction,431,149,237,214,5.71|7.73|8.31|13.2|12.51|14.06|8.91|25.43,"1,534",914,72|1104|766|650|1035|937|931|714|656|843|914|1534,8.80,10|12|12|13|13|12|12|9|9|9|9|8
Cipla,https://www.screener.in/company/CIPLA/consolidated/,"1,14,175 Cr.","1,413","1,673 / 1,166",28.0,426,0.92 %,16.6 %,12.4 %,2.00,3.44,102,-1.38 %,1.26 %,20.9 %,25.9 %,14.4 %,18.7 %,7.37 %,12.8 %,12.8 %,11.4 %,0.00 %,0.02,0.00 %,"1,050 Cr.","1,292 Cr.",896 Cr.,Healthcare,Healthcare,Pharmaceuticals & Biotechnology,Pharmaceuticals,543,674,"1,353","1,292",14.58|16.13|19.45|15.13|16.06|16.73|8.37|6.87,"3,940","5,005",1173|1741|2382|1463|1691|3068|3755|3326|3238|4134|5005|3940,22.80,19|18|17|19|19|19|22|21|22|24|26|21
EID Parry,https://www.screener.in/company/EIDPARRY/consolidated/,"14,074 Cr.",791,"1,247 / 751",13.3,486,0.00 %,16.6 %,9.54 %,1.00,1.40,7.14,-0.41 %,0.47 %,8.33 %,8.80 %,4.57 %,5.40 %,10.4 %,-7.82 %,-7.88 %,8.74 %,0.00 %,0.31,0.00 %,0.00 Cr.,71.0 Cr.,87.0 Cr.,Fast Moving Consumer Goods,Fast Moving Consumer Goods,Food Products,Other Food Products,437,766,464,539,12.41|5.14|17.21|10.97|16.12|13.85|23.86|13.05,"1,936","1,974",1591|222|437|1969|259|-52|1986|4771|2278|359|1974|1936,9.40,7|7|5|10|8|9|11|11|10|9|9|8
Lodha Developers,https://www.screener.in/company/LODHA/consolidated/,"90,230 Cr.",903,"1,534 / 651",26.3,233,0.48 %,16.6 %,15.8 %,10.0,1.75,7.66,-2.25 %,1.45 %,29.5 %,29.0 %,20.6 %,19.2 %,20.8 %,57.5 %,55.6 %,51.8 %,0.00 %,0.42,0.42 %,425 Cr.,424 Cr.,234 Cr.,Consumer Discretionary,Realty,Realty,"Residential, Commercial Projects","1,008",958,790,675,4.78|4.25|9.47|9.24|6.76|7.9|9.58|10.09,959,"1,566",387|1469|696|-463|3772|2524|1998|2750|2512|1566|959,26.20,24|26|20|17|27|15|25|24|22|26|29|30
Sun TV Network,https://www.screener.in/company/SUNTV/consolidated/,"19,450 Cr.",494,662 / 480,13.0,321,3.06 %,16.5 %,12.3 %,5.00,7.80,146,0.17 %,0.27 %,50.4 %,53.0 %,34.5 %,43.4 %,4.74 %,-3.71 %,-3.71 %,0.45 %,0.00 %,0.01,0.00 %,493 Cr.,591 Cr.,575 Cr.,Consumer Discretionary,"Media, Entertainment & Publication",Entertainment,TV Broadcasting & Software Production,232,324,355,529,14.19|10.39|9.22|9.41|13.43|8.99|8.22|5.89,"1,802","1,663",1162|1299|1296|1371|1824|1656|1464|1634|2096|2171|1663|1802,58.40,70|49|67|68|69|65|65|64|63|62|53|50
Vedanta,https://www.screener.in/company/VEDL/consolidated/,"1,35,378 Cr.",346,348 / 152,15.7,127,12.6 %,16.5 %,19.0 %,1.00,1.32,7.07,1.78 %,-1.88 %,29.6 %,27.7 %,15.9 %,12.4 %,-19.0 %,-6.86 %,-8.42 %,-7.32 %,0.00 %,0.56,0.00 %,"17,595 Cr.","17,008 Cr.","20,015 Cr.",Commodities,Metals & Mining,Diversified Metals,Diversified Metals,"9,352","7,807","3,479","4,457",9.7|11.13|9.07|8.91|8.14|4.6|14.6|17.13,"39,499","39,562",17805|20377|18083|17366|23754|19300|23980|34963|33065|35654|39562|39499,28.00,30|-29|30|27|25|25|31|34|23|25|28|30
Zen Technologies,https://www.screener.in/company/ZENTEC/consolidated/,"14,628 Cr.","1,620","2,268 / 1,223",75.9,209,0.12 %,16.2 %,10.7 %,1.00,8.86,29.8,0.45 %,2.20 %,35.6 %,39.3 %,31.6 %,30.7 %,46.5 %,66.8 %,59.9 %,123 %,0.00 %,0.01,0.00 %,9.03 Cr.,18.1 Cr.,7.58 Cr.,Industrials,Capital Goods,Aerospace & Defense,Aerospace & Defense,47,56,62,53,9.14|6.94|4.4|11.19|5.29|6.58|6.07|3.49,245,-146,10|-20|0|0|-49|62|6|-44|116|13|-146|245,31.20,1|27|8|18|18|42|14|7|33|41|39|36
Firstsour.Solu.,https://www.screener.in/company/FSL/consolidated/,"19,634 Cr.",278,404 / 201,26.1,62.0,2.02 %,16.2 %,17.7 %,10.0,0.79,6.22,-0.35 %,0.30 %,16.3 %,15.5 %,7.86 %,7.34 %,16.6 %,13.8 %,13.4 %,10.1 %,0.00 %,0.67,0.00 %,0.00 Cr.,279 Cr.,202 Cr.,Services,Services,Commercial Services & Supplies,Business Process Outsourcing (BPO)/ Knowledge Process Outsourcing (KPO),205,120,180,169,1.92|1.96|2.27|2.27|2.39|2.54|1.7|2.9,"1,214",701,246|297|200|315|400|410|976|704|795|644|701|1214,15.80,13|12|13|13|14|16|17|17|14|16|16|16
Cochin Shipyard,https://www.screener.in/company/COCHINSHIP/consolidated/,"40,091 Cr.","1,524","2,547 / 1,187",55.9,223,0.63 %,16.0 %,12.5 %,5.00,1.33,11.8,0.36 %,-0.42 %,16.2 %,18.6 %,14.3 %,17.2 %,28.5 %,40.3 %,40.3 %,3.63 %,0.00 %,0.28,0.00 %,39.5 Cr.,256 Cr.,199 Cr.,Industrials,Capital Goods,Industrial Manufacturing,Ship Building & Allied Services,276,145,108,188,6.62|7.18|6.73|10.92|7.14|4.09|5.5|10.51,"-1,234",-297,631|-451|253|710|1398|1889|-172|-297|-1234,17.80,20|19|21|26|20|11|23|19|16
Siemens,https://www.screener.in/company/SIEMENS/consolidated/,"1,30,121 Cr.","3,654","3,930 / 2,826",79.6,371,0.00 %,15.8 %,11.8 %,2.00,2.54,131,-0.05 %,0.24 %,11.6 %,14.0 %,9.73 %,11.3 %,2.47 %,3.42 %,3.42 %,17.0 %,0.00 %,0.01,0.00 %,0.00 Cr.,427 Cr.,285 Cr.,Industrials,Capital Goods,Electrical Equipment,Heavy Electrical Equipment,278,485,423,582,22.54|16.22|23.33|17.25|16.34|11.88|13.62|7.79,375,"1,670",608|574|513|573|100|1273|720|1422|978|1400|1670|375,12.40,1|9|9|10|10|11|10|11|12|13|14|12
CCL Products,https://www.screener.in/company/CCL/consolidated/,"14,192 Cr.","1,063","1,218 / 772",36.6,176,0.47 %,15.8 %,18.0 %,2.00,1.49,4.58,0.23 %,-0.10 %,16.4 %,17.9 %,8.71 %,9.99 %,29.1 %,11.0 %,10.8 %,16.2 %,0.00 %,0.56,0.00 %,76.8 Cr.,66.8 Cr.,68.6 Cr.,Fast Moving Consumer Goods,Fast Moving Consumer Goods,Agricultural Food & other Products,Tea & Coffee,115,100,101,72,5.35|5.54|4.72|7.63|5.43|7.55|7.51|8.58,858,290,105|161|102|145|162|91|171|116|173|55|290|858,18.60,19|22|24|21|23|25|24|23|19|17|18|16
Sona BLW Precis.,https://www.screener.in/company/SONACOMS/,"37,384 Cr.",601,616 / 402,54.6,93.9,0.57 %,15.8 %,12.2 %,10.0,3.42,49.4,-0.19 %,0.72 %,25.2 %,28.0 %,16.6 %,17.5 %,19.0 %,21.1 %,18.7 %,22.7 %,0.00 %,0.06,0.00 %,211 Cr.,199 Cr.,169 Cr.,Consumer Discretionary,Automobile and Auto Components,Auto Components,Auto Components & Equipments,207,153,166,120,2.64|2.13|2.26|2.44|1.93|2.67|2.46|3.33,615,733,38|23|112|143|161|121|395|500|639|733|615,26.40,24|20|21|27|28|28|28|25|25|29|28|25
Muthoot Finance,https://www.screener.in/company/MUTHOOTFIN/consolidated/,"1,33,910 Cr.","3,336","4,150 / 2,058",12.7,975,0.89 %,15.8 %,30.9 %,10.0,3.88,2.30,0.56 %,-0.70 %,81.4 %,72.9 %,34.0 %,26.5 %,37.9 %,43.1 %,43.1 %,22.7 %,0.00 %,3.88,0.00 %,"1,204 Cr.","1,044 Cr.",980 Cr.,Financial Services,Financial Services,Finance,Non Banking Financial Company (NBFC),"3,397","2,823","2,412","1,974",28.99|31.67|34.6|36.81|50.22|60.29|69.84|83.43,"-47,393","-26,525",-479|108|-2186|-1432|-4824|-4970|-7814|-1596|-2804|-13605|-26525|-47393,,
MRF,https://www.screener.in/company/MRF/consolidated/,"53,884 Cr.","1,27,050","1,63,600 / 1,23,430",21.8,"49,455",0.18 %,15.7 %,12.5 %,10.0,1.65,9.97,-0.20 %,-0.25 %,15.7 %,14.5 %,7.94 %,6.64 %,10.6 %,52.3 %,52.3 %,14.1 %,0.09 %,0.15,0.05 %,99.6 Cr.,99.6 Cr.,84.4 Cr.,Consumer Discretionary,Automobile and Auto Components,Auto Components,Tyres & Rubber Products,702,695,526,500,1346.4|1109.85|743.79|1203.7|1180.05|1239.4|1637.78|1655.82,"4,590","1,868",1699|3043|1956|2413|1253|2271|4325|-578|2755|3303|1868|4590,13.80,15|22|20|15|14|15|18|11|10|17|15|16
Escorts Kubota,https://www.screener.in/company/ESCORTS/consolidated/,"33,026 Cr.","2,952","4,180 / 2,710",24.5,"1,106",0.92 %,15.7 %,11.9 %,10.0,3.26,88.5,0.46 %,-0.54 %,13.0 %,11.4 %,11.7 %,12.4 %,11.0 %,25.9 %,33.0 %,13.4 %,0.00 %,0.01,0.00 %,0.00 Cr.,313 Cr.,139 Cr.,Industrials,Capital Goods,"Agricultural, Commercial & Construction Vehicles",Tractors,321,358,318,"1,397",27.3|28.98|28.66|28.46|124.88|28.44|32.03|28.65,"1,381","1,003",-10|212|304|460|-234|797|1129|32|224|789|1003|1381,11.60,2|5|6|11|12|11|16|13|9|12|11|13
Deepak Fertilis.,https://www.screener.in/company/DEEPAKFERT/consolidated/,"18,336 Cr.","1,452","1,779 / 865",20.9,516,0.69 %,15.7 %,15.6 %,10.0,1.44,4.25,0.00 %,0.07 %,18.7 %,14.8 %,9.03 %,4.91 %,10.3 %,11.1 %,9.42 %,86.7 %,5.04 %,0.68,0.00 %,126 Cr.,107 Cr.,109 Cr.,Commodities,Chemicals,Chemicals & Petrochemicals,Commodity Chemicals,141,214,244,278,17.83|15.49|16.64|19.86|21.96|19.26|16.89|11.21,"1,880",732,415|-54|-110|796|-132|1310|578|1248|1211|493|732|1880,17.60,13|8|8|11|9|7|10|17|18|19|15|19
BEML Ltd,https://www.screener.in/company/BEML/consolidated/,"15,381 Cr.","1,847","2,437 / 1,355",61.8,336,0.58 %,15.6 %,10.5 %,5.00,2.47,8.89,0.08 %,0.32 %,12.6 %,11.0 %,7.22 %,6.94 %,-2.48 %,31.3 %,31.3 %,35.5 %,0.00 %,0.24,0.00 %,83.5 Cr.,85.6 Cr.,55.6 Cr.,Industrials,Capital Goods,"Agricultural, Commercial & Construction Vehicles",Construction Vehicles,-22,48,-64,288,30.83|-8.46|6.13|2.93|34.52|-7.7|5.77|-2.69,183,458,394|548|80|209|130|257|106|-301|51|560|458|183,9.20,5|3|5|6|8|7|3|5|8|9|11|13
Patanjali Foods,https://www.screener.in/company/PATANJALI/,"50,679 Cr.",466,654 / 438,30.2,111,0.75 %,15.6 %,12.1 %,2.00,2.10,14.5,-1.62 %,-0.98 %,5.73 %,4.12 %,3.81 %,2.41 %,12.2 %,17.4 %,9.72 %,36.0 %,0.00 %,0.24,-0.01 %,362 Cr.,217 Cr.,189 Cr.,Fast Moving Consumer Goods,Fast Moving Consumer Goods,Agricultural Food & other Products,Edible Oil,594,517,180,359,1.9|2.42|2.85|3.42|3.3|1.66|4.75|5.46,198,"1,746",3451|-508|-90|577|882|240|-61|241|724|-339|1746|198,5.20,2|2|0|-4|-42|1|3|6|6|4|4|6
Granules India,https://www.screener.in/company/GRANULES/consolidated/,"18,873 Cr.",762,776 / 433,31.3,205,0.23 %,15.5 %,13.7 %,1.00,1.80,7.95,1.76 %,-0.46 %,22.1 %,21.2 %,11.2 %,10.7 %,5.95 %,5.19 %,4.37 %,1.84 %,0.00 %,0.30,-0.80 %,43.4 Cr.,36.4 Cr.,37.9 Cr.,Healthcare,Healthcare,Pharmaceuticals & Biotechnology,Pharmaceuticals,202,150,131,113,5.56|4.01|4.85|6.27|4.64|5.38|6.19|8.13,793,867,150|151|188|-1|262|476|432|332|739|439|867|793,20.20,16|20|21|17|17|20|26|19|20|19|21|22
M & M,https://www.screener.in/company/M&M/consolidated/,"3,88,105 Cr.","3,121","3,840 / 2,896",22.0,749,0.82 %,15.4 %,20.8 %,5.00,1.27,3.72,-1.26 %,0.98 %,18.9 %,19.2 %,9.70 %,8.84 %,17.9 %,23.6 %,23.6 %,51.3 %,0.02 %,1.44,0.02 %,"3,688 Cr.","2,824 Cr.","2,392 Cr.",Consumer Discretionary,Automobile and Auto Components,Automobiles,Passenger Cars & Utility Vehicles,"5,260","5,021","3,964","4,377",26.4|25.5|25.58|26.5|32.84|29.54|37.59|37.53,"11,657","3,176",1055|2385|183|682|-4347|-1457|17909|9248|-7074|-5630|3176|11657,17.80,12|13|13|14|15|13|15|16|17|18|19|19
Torrent Pharma.,https://www.screener.in/company/TORNTPHARM/consolidated/,"1,49,581 Cr.","4,420","4,714 / 3,102",68.0,248,0.84 %,15.4 %,27.6 %,5.00,1.13,8.69,0.05 %,-0.09 %,32.6 %,32.3 %,15.7 %,16.6 %,13.3 %,21.8 %,21.8 %,12.2 %,0.00 %,1.79,0.00 %,0.00 Cr.,"1,083 Cr.",718 Cr.,Healthcare,Healthcare,Pharmaceuticals & Biotechnology,Pharmaceuticals,364,635,591,548,13.5|13.38|14.86|14.71|16.19|17.46|18.76|10.76,"3,023","2,585",810|2742|1009|894|1798|1393|2005|1803|2368|3266|2585|3023,31.00,22|41|24|23|26|27|31|29|30|31|32|33
Aptus Value Hou.,https://www.screener.in/company/APTUS/consolidated/,"13,069 Cr.",261,365 / 193,13.9,101,1.71 %,15.4 %,20.1 %,2.00,10.8,2.87,-2.85 %,2.14 %,83.0 %,84.6 %,43.0 %,42.9 %,26.1 %,23.3 %,23.1 %,-8.13 %,0.00 %,1.56,0.00 %,225 Cr.,225 Cr.,155 Cr.,Financial Services,Financial Services,Finance,Housing Finance Company,261,236,227,219,3.44|3.64|3.81|4.14|4.39|4.53|4.72|5.21,-592,"-1,405",-303|-495|-714|-735|-621|-724|-1047|-1356|-1405|-592,,
Narayana Hrudaya,https://www.screener.in/company/NH/consolidated/,"38,807 Cr.","1,899","2,372 / 1,564",45.6,222,0.23 %,15.4 %,20.9 %,10.0,2.15,5.18,-1.12 %,1.23 %,20.4 %,23.7 %,10.8 %,14.4 %,20.4 %,12.5 %,12.5 %,155 %,0.00 %,1.29,0.00 %,92.0 Cr.,92.0 Cr.,67.4 Cr.,Healthcare,Healthcare,Healthcare Services,Hospital,224,127,258,197,9.85|9.72|9.44|9.65|9.62|12.64|6.2|10.96,"1,621",986,77|174|219|182|279|443|304|485|1085|1067|986|1621,21.60,9|11|13|10|10|14|7|18|22|24|24|20
Hatsun Agro,https://www.screener.in/company/HATSUN/,"20,625 Cr.",926,"1,179 / 731",57.9,87.3,1.07 %,15.3 %,19.4 %,1.00,0.52,4.22,-0.07 %,-0.02 %,11.8 %,11.7 %,3.58 %,3.24 %,11.2 %,30.2 %,30.2 %,7.63 %,0.00 %,0.95,0.00 %,223 Cr.,134 Cr.,151 Cr.,Fast Moving Consumer Goods,Fast Moving Consumer Goods,Food Products,Dairy Products,51,61,120,148,5.86|2.89|1.84|1.93|6.65|5.4|2.72|2.28,"1,557","1,443",62|219|433|277|375|552|518|576|741|-71|1443|1557,11.20,7|9|9|9|9|10|14|11|10|11|12|12
MTAR Technologie,https://www.screener.in/company/MTARTECH/,"24,359 Cr.","7,919","8,450 / 1,390",248,268,0.00 %,15.2 %,12.6 %,10.0,1.56,5.47,5.07 %,-2.30 %,19.5 %,17.8 %,11.2 %,7.82 %,15.2 %,-1.33 %,-1.33 %,16.3 %,8.94 %,0.46,-0.16 %,0.00 Cr.,0.00 Cr.,1.85 Cr.,Industrials,Capital Goods,Aerospace & Defense,Aerospace & Defense,44,35,5,11,1.48|6.11|5.31|4.62|3.65|1.49|11.43|14.42,192,102,14|42|56|9|-30|9|55|102|192,22.60,2|13|-12|20|29|27|34|29|27|19|18|20
Guj.St.Petronet,https://www.screener.in/company/GSPL/consolidated/,"15,141 Cr.",268,348 / 226,14.4,212,1.86 %,15.2 %,9.89 %,10.0,1.50,59.2,0.05 %,0.28 %,15.2 %,19.7 %,9.43 %,12.4 %,-1.16 %,-12.3 %,-12.3 %,-8.47 %,0.00 %,0.01,0.00 %,282 Cr.,282 Cr.,214 Cr.,Energy,"Oil, Gas & Consumable Fuels",Gas,Gas Transmission/Marketing,379,389,465,352,8.42|6.65|4.99|4.15|3.9|5.58|4.62|4.55,"2,741","2,803",644|626|603|1644|1669|2044|2771|2897|2748|3340|2803|2741,21.00,88|87|87|28|28|27|26|31|19|20|20|15
Adani Total Gas,https://www.screener.in/company/ATGL/,"78,746 Cr.",716,798 / 454,124,43.9,0.04 %,15.2 %,14.1 %,1.00,0.64,7.69,-0.06 %,0.01 %,20.3 %,22.8 %,10.9 %,13.0 %,10.2 %,6.35 %,6.35 %,5.72 %,0.00 %,0.47,0.00 %,27.5 Cr.,27.5 Cr.,27.5 Cr.,Energy,"Oil, Gas & Consumable Fuels",Gas,LPG/CNG/PNG/LNG Supplier,156,157,162,162,1.61|1.62|1.3|1.36|1.47|1.47|1.43|1.42,"1,150",980,255|258|277|356|492|654|732|846|971|980|1150,22.60,18|26|27|26|32|42|25|20|25|23|20
Gland Pharma,https://www.screener.in/company/GLAND/consolidated/,"38,149 Cr.","2,316","2,396 / 1,513",36.5,629,0.76 %,15.1 %,10.7 %,1.00,4.68,45.7,-0.29 %,0.37 %,25.3 %,22.6 %,16.2 %,12.4 %,21.1 %,8.36 %,8.35 %,0.78 %,0.00 %,0.03,0.00 %,330 Cr.,297 Cr.,191 Cr.,Healthcare,Healthcare,Pharmaceuticals & Biotechnology,Pharmaceuticals,367,261,184,215,8.73|9.93|12.42|11.32|13.08|11.15|15.87|22.26,"1,031",915,701|605|791|364|997|915|1031,26.80,36|38|34|28|24|23|25
J K Cements,https://www.screener.in/company/JKCEMENT/consolidated/,"41,497 Cr.","5,371","7,566 / 4,801",40.4,911,0.28 %,15.1 %,15.6 %,10.0,0.93,4.52,-1.03 %,1.26 %,17.3 %,17.1 %,7.44 %,6.77 %,12.2 %,33.4 %,33.4 %,6.73 %,0.00 %,0.88,0.00 %,155 Cr.,116 Cr.,131 Cr.,Commodities,Construction Materials,Cement & Cement Products,Cement & Cement Products,331,174,159,324,23.98|16.28|24.54|46.64|41.99|20.78|22.6|43.08,"1,873","1,939",256|580|772|883|704|1367|1593|878|1377|1959|1939|1873,17.00,13|13|18|16|16|21|24|19|14|18|17|17
SBI Life Insuran,https://www.screener.in/company/SBILIFE/,"1,89,119 Cr.","1,886","2,133 / 1,720",76.6,190,0.14 %,15.0 %,13.7 %,10.0,1.55,,-0.37 %,0.41 %,0.67 %,2.38 %,2.20 %,2.06 %,11.7 %,12.8 %,12.7 %,11.1 %,0.00 %,0.00,-0.01 %,271 Cr.,271 Cr.,252 Cr.,Financial Services,Financial Services,Insurance,Life Insurance,805,577,495,594,5.19|5.28|5.5|8.12|5.93|4.93|5.75|8.02,"34,523","25,547",2711|5778|8525|10395|13473|19299|23878|21852|28656|29122|25547|34523,1.60,3|5|4|4|3|3|1|1|2|2|2|1
Thermax,https://www.screener.in/company/THERMAX/consolidated/,"52,731 Cr.","4,425","4,880 / 2,743",78.0,466,0.32 %,14.9 %,12.9 %,2.00,1.22,7.81,-1.11 %,0.65 %,9.59 %,8.76 %,6.33 %,6.05 %,9.75 %,14.3 %,14.3 %,22.5 %,0.00 %,0.42,0.00 %,225 Cr.,158 Cr.,146 Cr.,Industrials,Capital Goods,Electrical Equipment,Heavy Electrical Equipment,244,205,119,151,9.72|16.54|9.73|17.27|12.79|10.04|17.14|20.5,542,"1,043",311|253|335|534|-115|326|769|325|460|247|1043|542,8.40,9|8|10|8|8|7|7|7|7|9|9|10
Atul,https://www.screener.in/company/ATUL/consolidated/,"20,790 Cr.","7,061","7,793 / 5,560",30.6,"2,113",0.43 %,14.9 %,11.5 %,10.0,3.61,52.7,0.05 %,0.48 %,16.4 %,16.4 %,11.0 %,9.00 %,4.95 %,8.57 %,8.65 %,1.32 %,0.98 %,0.03,0.00 %,88.3 Cr.,73.6 Cr.,78.2 Cr.,Commodities,Chemicals,Chemicals & Petrochemicals,Specialty Chemicals,211,164,182,132,38|46.47|36.93|42.97|43.4|60.88|54.6|71.38,"1,023",603,306|401|392|356|404|881|718|231|707|667|603|1023,15.80,15|18|18|14|19|22|25|18|15|14|16|16
Techno Elec.Engg,https://www.screener.in/company/TECHNOE/consolidated/,"14,013 Cr.","1,205","1,655 / 870",31.2,357,0.76 %,14.8 %,11.4 %,2.00,4.06,30.8,0.12 %,-0.33 %,14.2 %,15.0 %,13.8 %,16.7 %,57.7 %,34.0 %,30.6 %,23.8 %,0.00 %,0.02,0.00 %,81.4 Cr.,105 Cr.,69.6 Cr.,Industrials,Construction,Construction,Civil Construction,115,119,104,136,9.12|8.1|8.25|11.58|11.7|8.94|10.25|9.85,-590,453,160|212|198|112|125|259|93|-198|453|-590,14.00,91|23|25|25|24|16|11|14|15|14
Vishal Mega Mart,https://www.screener.in/company/VMM/consolidated/,"56,672 Cr.",121,158 / 98.7,67.5,15.9,0.00 %,14.8 %,12.2 %,10.0,1.60,7.56,6.49 %,7.27 %,14.6 %,14.6 %,6.50 %,5.68 %,19.4 %,39.0 %,37.3 %,46.7 %,0.00 %,0.27,-14.0 %,0.00 Cr.,0.00 Cr.,0.00 Cr.,Consumer Discretionary,Consumer Services,Retailing,Diversified Retail,168,313,152,206,0.33|0.23|0.58|0.25|0.44|0.33|0.67|0.36,"1,621","1,399",557|1054|657|636|830|1399|1621,14.60,12|14|15|14|14|15|15
JBM Auto,https://www.screener.in/company/JBMA/consolidated/,"15,118 Cr.",639,790 / 477,67.3,65.0,0.13 %,14.8 %,15.6 %,1.00,1.10,2.01,0.05 %,0.01 %,11.1 %,11.7 %,4.01 %,3.93 %,16.4 %,21.8 %,21.8 %,35.3 %,0.00 %,1.97,0.00 %,20.1 Cr.,20.1 Cr.,17.0 Cr.,Consumer Discretionary,Automobile and Auto Components,Auto Components,Auto Components & Equipments,84,60,55,39,1.41|2.09|2.23|2.81|1.56|2.23|2.33|3.14,-60,394,66|145|119|69|152|370|216|-142|484|205|394|-60,11.00,12|13|11|12|12|12|10|10|10|12|12|11
Angel One,https://www.screener.in/company/ANGELONE/consolidated/,"31,427 Cr.",345,350 / 209,34.4,67.2,1.38 %,14.8 %,15.6 %,1.00,1.84,3.91,0.36 %,0.77 %,35.4 %,37.8 %,17.8 %,22.4 %,19.6 %,1.22 %,-1.71 %,22.4 %,0.00 %,1.30,-0.07 %,"2,254 Cr.",433 Cr.,707 Cr.,Financial Services,Financial Services,Capital Markets,Stockbroking & Allied,320,269,212,114,3.25|4.7|3.12|1.93|1.26|2.33|2.96|3.52,"-4,142","-1,860",11|-77|-210|-309|689|643|-1199|558|804|-330|-1860|-4142,39.20,25|20|1|33|26|24|36|40|43|40|38|35
Five-Star Bus.Fi,https://www.screener.in/company/FIVESTAR/,"13,528 Cr.",458,828 / 338,12.3,250,0.44 %,14.8 %,16.1 %,1.00,12.1,2.98,-4.47 %,2.84 %,68.6 %,74.3 %,34.1 %,37.7 %,28.4 %,22.1 %,21.6 %,-23.5 %,0.00 %,1.11,0.05 %,58.9 Cr.,58.9 Cr.,23.6 Cr.,Financial Services,Financial Services,Finance,Non Banking Financial Company (NBFC),269,277,286,266,8.6|9.16|9.33|9.48|9.04|9.72|9.41|9.12,-264,"-1,045",-457|-940|-1523|-157|-277|-1123|-2122|-1045|-264,,
CIE Automotive,https://www.screener.in/company/CIEINDIA/consolidated/,"17,343 Cr.",457,526 / 381,20.0,197,1.55 %,14.7 %,11.8 %,10.0,0.94,50.2,0.41 %,-0.32 %,14.5 %,15.1 %,8.80 %,9.21 %,2.43 %,127 %,127 %,53.7 %,0.00 %,0.06,0.00 %,266 Cr.,266 Cr.,182 Cr.,Consumer Discretionary,Automobile and Auto Components,Auto Components,Auto Components & Equipments,249,204,214,204,5.72|5.15|4.88|5.44|5.37|5.64|5.39|6.57,"1,258",881,322|680|304|512|708|1027|539|1051|1118|1383|881|1258,14.20,8|9|10|13|12|12|8|14|13|15|15|14
Ipca Labs.,https://www.screener.in/company/IPCALAB/consolidated/,"39,938 Cr.","1,574","1,679 / 1,252",37.8,293,0.25 %,14.7 %,12.8 %,1.00,2.46,21.0,0.01 %,0.14 %,19.5 %,17.3 %,10.1 %,7.43 %,15.4 %,-1.48 %,-1.48 %,7.16 %,0.00 %,0.17,0.00 %,101 Cr.,101 Cr.,101 Cr.,Healthcare,Healthcare,Pharmaceuticals & Biotechnology,Pharmaceuticals,364,281,233,64,2.35|7.58|9.05|9.78|2.67|9.19|11.14|12.86,"1,321",945,522|468|709|282|341|501|570|1090|856|806|945|1321,20.60,23|17|10|14|14|19|20|29|23|15|17|19
Kirloskar Oil,https://www.screener.in/company/KIRLOSENG/consolidated/,"25,609 Cr.","1,762","1,775 / 826",43.1,249,0.38 %,14.7 %,17.7 %,2.00,1.39,2.51,2.34 %,-1.52 %,18.4 %,18.7 %,7.55 %,6.78 %,15.3 %,22.6 %,22.4 %,25.2 %,0.00 %,1.48,-0.01 %,65.4 Cr.,94.4 Cr.,75.4 Cr.,Industrials,Capital Goods,Industrial Products,"Compressors, Pumps & Diesel Engines",155,109,159,139,10.98|8.79|4.91|9.03|9.77|11.18|7.66|10.91,932,-739,99|171|136|192|-124|-16|-1041|-920|-469|-739|932,15.80,11|11|9|10|9|12|10|15|17|19|18
Max Healthcare,https://www.screener.in/company/MAXHEALTH/consolidated/,"96,813 Cr.",995,"1,314 / 903",65.2,110,0.15 %,14.7 %,14.8 %,10.0,0.89,8.33,-5.16 %,5.12 %,26.8 %,26.3 %,17.7 %,16.1 %,22.4 %,10.4 %,10.3 %,59.8 %,0.00 %,0.32,-0.01 %,195 Cr.,146 Cr.,117 Cr.,Healthcare,Healthcare,Healthcare Services,Hospital,342,301,491,308,2.43|2.9|2.46|3.28|3.17|5.05|3.09|3.52,"1,633","1,459",156|166|89|77|118|741|1284|1122|1459|1633,26.40,9|7|9|9|16|24|27|28|26|27
P I Industries,https://www.screener.in/company/PIIND/consolidated/,"42,830 Cr.","2,823","4,330 / 2,700",34.5,740,0.56 %,14.7 %,11.6 %,1.00,4.22,98.1,-0.10 %,0.26 %,25.3 %,27.6 %,18.5 %,20.8 %,1.13 %,0.30 %,0.30 %,10.9 %,0.00 %,0.03,0.00 %,228 Cr.,243 Cr.,188 Cr.,Commodities,Chemicals,Fertilizers & Agrochemicals,Pesticides & Agrochemicals,200,311,409,400,29.58|33.5|24.57|21.78|26.36|26.98|20.52|13.2,474,"1,413",184|367|339|319|391|698|725|529|1501|2036|1413|474,25.00,20|21|24|22|20|21|22|22|24|26|28|25
Tata Comm,https://www.screener.in/company/TATACOMM/consolidated/,"57,693 Cr.","2,024","2,033 / 1,322",52.5,121,1.23 %,14.7 %,34.0 %,10.0,0.49,3.02,-0.02 %,0.65 %,19.4 %,19.8 %,4.42 %,5.74 %,11.6 %,-14.0 %,-14.0 %,-2.85 %,0.00 %,3.55,0.00 %,499 Cr.,712 Cr.,575 Cr.,Telecommunication,Telecommunication,Telecom - Services,Telecom - Cellular & Fixed line services,259,364,183,190,11.68|7.97|8.28|36.5|6.67|6.42|12.82|9.24,"4,479","2,911",3028|2363|2394|1713|1844|2525|3180|4204|4384|3182|2911|4479,21.60,15|13|14|14|17|19|25|25|24|20|20|19
BASF India,https://www.screener.in/company/BASF/,"15,129 Cr.","3,495","5,400 / 2,907",36.3,919,0.57 %,14.7 %,10.9 %,10.0,1.74,29.7,1.21 %,-0.13 %,4.38 %,4.93 %,2.78 %,3.11 %,3.17 %,2.91 %,2.91 %,7.67 %,0.00 %,0.03,0.00 %,108 Cr.,86.6 Cr.,64.1 Cr.,Commodities,Chemicals,Chemicals & Petrochemicals,Specialty Chemicals,64,105,101,147,50.96|29.56|23.93|10.88|34|23.34|24.29|14.69,-101,389,-96|199|221|290|-77|572|483|330|531|807|389|-101,5.40,3|2|5|6|3|4|7|7|5|6|5|4
A B Lifestyle,https://www.screener.in/company/ABLBL/consolidated/,"12,492 Cr.",102,176 / 87.7,59.7,11.6,0.00 %,14.7 %,15.6 %,10.0,1.07,1.74,-3.47 %,3.19 %,16.0 %,15.6 %,2.49 %,1.59 %,%,%,%,%,0.00 %,2.14,0.00 %,61.0 Cr.,0.00 Cr.,Cr.,Consumer Discretionary,Consumer Services,Retailing,Speciality Retail,55,69,23,24,0.2|0.19|0.57|0.45,"1,219","1,144",1144|1219,16.00,16|16
SRF,https://www.screener.in/company/SRF/consolidated/,"81,308 Cr.","2,743","3,325 / 2,314",42.7,474,0.33 %,14.6 %,14.3 %,10.0,1.10,9.58,-0.81 %,0.99 %,21.6 %,18.5 %,12.0 %,8.51 %,2.01 %,-4.11 %,-4.11 %,9.69 %,0.00 %,0.36,0.00 %,0.00 Cr.,214 Cr.,228 Cr.,Commodities,Chemicals,Chemicals & Petrochemicals,Commodity Chemicals,582,433,388,432,8.51|6.79|9.14|17.75|14.58|13.1|14.6|19.63,"2,554","2,487",542|1090|645|678|896|1304|1772|2106|2902|2094|2487|2554,21.80,16|21|20|16|18|20|25|25|24|20|18|22
Jubilant Food.,https://www.screener.in/company/JUBLFOOD/consolidated/,"28,373 Cr.",430,720 / 409,68.2,34.7,0.27 %,14.6 %,18.9 %,2.00,0.37,2.32,-1.30 %,1.59 %,19.8 %,19.4 %,4.53 %,2.80 %,22.6 %,4.84 %,4.84 %,11.8 %,1.35 %,2.14,0.01 %,79.2 Cr.,79.2 Cr.,79.2 Cr.,Consumer Discretionary,Consumer Services,Leisure Services,Restaurants,82,73,195,94,0.85|0.97|0.65|0.73|1.39|2.82|1.07|1.21,"1,894","1,668",276|212|204|409|424|728|751|930|1026|1010|1668|1894,21.20,12|11|9|15|17|22|24|25|22|20|19|20
Larsen & Toubro,https://www.screener.in/company/LT/consolidated/,"5,55,911 Cr.","4,041","4,440 / 3,288",34.0,794,0.94 %,14.6 %,15.9 %,2.00,1.00,3.63,-1.28 %,0.33 %,12.4 %,13.5 %,6.76 %,7.06 %,16.0 %,17.4 %,18.2 %,3.81 %,0.00 %,1.15,0.00 %,"5,227 Cr.","4,676 Cr.","4,208 Cr.",Industrials,Construction,Construction,Civil Construction,"6,133","3,825","4,678","4,318",20.26|24.69|24.43|39.97|26.3|28.54|23.37|38.71,"16,741","9,151",-1365|-3240|6655|-10031|-4756|6694|23074|19164|22777|18266|9151|16741,13.80,17|15|15|17|17|17|17|16|15|13|13|12
KEC International,https://www.screener.in/company/KEC/consolidated/,"13,354 Cr.",502,947 / 466,20.6,231,1.08 %,14.5 %,11.3 %,2.00,1.23,2.28,-1.91 %,1.39 %,7.06 %,7.70 %,2.77 %,2.60 %,10.8 %,54.9 %,53.1 %,2.77 %,0.00 %,0.87,0.00 %,146 Cr.,146 Cr.,115 Cr.,Industrials,Construction,Construction,Civil Construction,193,127,161,125,3.41|3.21|4.87|10.08|4.68|6.04|4.79|7.24,-414,419,153|-75|1662|660|199|87|840|-284|614|311|419|-414,6.80,7|9|11|11|11|11|9|7|5|7|8|7
Apollo Micro Sys,https://www.screener.in/company/APOLLO/consolidated/,"15,067 Cr.",422,428 / 140,133,36.8,0.06 %,14.5 %,11.8 %,1.00,1.90,4.27,-1.34 %,0.52 %,24.1 %,23.0 %,11.9 %,10.0 %,44.8 %,75.6 %,46.6 %,45.0 %,39.9 %,0.41,0.00 %,0.00 Cr.,7.66 Cr.,2.02 Cr.,Industrials,Capital Goods,Aerospace & Defense,Aerospace & Defense,37,23,30,18,0.28|0.51|0.6|0.46|0.55|0.93|0.72|1.05,-130,10,47|6|43|-16|-76|10|-130,22.20,20|19|19|22|23|23|24
S C I,https://www.screener.in/company/SCI/consolidated/,"14,393 Cr.",309,369 / 195,10.7,195,2.07 %,14.3 %,15.5 %,10.0,2.23,9.20,1.85 %,0.08 %,37.8 %,31.5 %,23.4 %,14.9 %,-0.08 %,16.1 %,16.1 %,14.4 %,0.00 %,0.29,0.00 %,210 Cr.,307 Cr.,115 Cr.,Services,Services,Transport Services,Shipping,405,405,189,354,6.26|6.26|1.62|3.97|7.6|4.06|8.69|8.69,"1,343",850,2197|1490|683|228|712|945|1340|1644|1465|994|850|1343,31.00,21|34|23|20|18|26|31|31|27|28|31|38
Ashok Leyland,https://www.screener.in/company/ASHOKLEY/consolidated/,"93,864 Cr.",160,215 / 115,26.0,21.4,1.90 %,14.3 %,28.8 %,1.00,1.35,2.18,0.16 %,-0.67 %,19.0 %,17.2 %,6.87 %,5.91 %,22.8 %,284 %,284 %,54.2 %,40.1 %,4.33,0.01 %,"1,835 Cr.","1,453 Cr.",904 Cr.,Industrials,Capital Goods,"Agricultural, Commercial & Construction Vehicles",Commercial Vehicles,862,820,658,"1,246",1.45|0.87|1.2|1.3|1.92|1.04|1.29|1.38,128,"-6,258",-104|95|-1275|270|1462|-3745|383|-1065|2845|-4499|-6258|128,14.40,4|10|14|13|14|15|15|13|11|12|17|19
Craftsman Auto,https://www.screener.in/company/CRAFTSMAN/consolidated/,"20,886 Cr.","8,755","9,750 / 5,100",53.1,"1,368",0.13 %,14.2 %,12.8 %,5.00,1.18,2.77,-0.83 %,3.04 %,15.3 %,14.6 %,4.87 %,3.85 %,36.4 %,16.6 %,12.0 %,29.1 %,0.00 %,1.11,0.00 %,26.8 Cr.,11.9 Cr.,18.8 Cr.,Consumer Discretionary,Automobile and Auto Components,Auto Components,Auto Components & Equipments,116,107,91,70,22.3|25.86|5.42|27.99|29.18|38.09|44.9|48.8,522,283,257|283|360|306|362|327|608|513|283|522,19.00,21|20|24|27|28|24|21|20|15|15
Adani Ports,https://www.screener.in/company/ADANIPORTS/consolidated/,"4,15,427 Cr.","1,803","1,824 / 1,290",32.0,417,0.42 %,14.1 %,16.4 %,2.00,1.39,4.24,0.15 %,-0.03 %,59.0 %,59.5 %,33.4 %,35.3 %,22.9 %,27.3 %,24.6 %,18.0 %,0.00 %,0.66,0.00 %,"1,728 Cr.","1,512 Cr.","1,334 Cr.",Services,Services,Transport Infrastructure,Port & Port services,"3,308","3,043","3,120","3,311",14.41|11.32|11.67|13.95|15.34|14.39|13.25|14.45,"20,356","17,226",3057|2381|4063|5608|6029|7402|7556|10420|11900|15018|17226|20356,57.00,63|64|64|63|60|50|69|56|52|58|60|59
ERIS Lifescience,https://www.screener.in/company/ERIS/consolidated/,"18,679 Cr.","1,348","1,910 / 1,200",29.6,282,0.53 %,14.1 %,18.7 %,1.00,0.74,4.40,-0.46 %,0.04 %,35.8 %,35.2 %,21.1 %,12.9 %,22.9 %,18.7 %,18.0 %,11.9 %,16.9 %,0.60,-0.93 %,99.9 Cr.,100 Cr.,76.3 Cr.,Healthcare,Healthcare,Pharmaceuticals & Biotechnology,Pharmaceuticals,279,109,134,125,6.12|6.73|6.15|6.89|8.66|8.82|7.32|20.33,538,"1,065",90|131|200|235|223|271|375|378|292|486|1065|538,34.60,22|29|36|38|35|35|36|36|32|34|35|36
Sansera Enginee.,https://www.screener.in/company/SANSERA/consolidated/,"18,093 Cr.","2,903","2,950 / 1,206",53.8,495,0.11 %,14.1 %,11.5 %,2.00,1.75,12.9,-0.57 %,-0.92 %,18.1 %,17.1 %,9.70 %,7.19 %,14.4 %,32.1 %,25.1 %,18.7 %,0.00 %,0.19,-0.08 %,24.9 Cr.,20.1 Cr.,14.9 Cr.,Consumer Discretionary,Automobile and Auto Components,Auto Components,Auto Components & Equipments,123,69,71,63,9.18|9.38|8.99|9.57|10.05|11.55|11.04|19.48,387,377,218|241|256|213|256|374|377|387,17.00,18|16|18|17|16|17|17|18
Poly Medicure,https://www.screener.in/company/POLYMED/consolidated/,"14,673 Cr.","1,448","2,432 / 1,182",44.8,306,0.25 %,14.0 %,11.2 %,5.00,3.37,24.7,-3.49 %,1.76 %,23.6 %,27.3 %,17.4 %,20.0 %,18.9 %,23.9 %,21.6 %,18.0 %,0.00 %,0.11,0.00 %,35.5 Cr.,35.5 Cr.,30.5 Cr.,Healthcare,Healthcare,Healthcare Equipment & Supplies,Medical Equipment & Supplies,65,71,92,93,7.71|8.63|8.41|9.06|9.19|9.06|7|6.54,246,240,63|63|56|75|106|131|119|123|191|266|240|246,24.80,22|21|21|23|22|24|28|23|24|26|27|24
Torrent Power,https://www.screener.in/company/TORNTPOWER/consolidated/,"74,023 Cr.","1,469","1,824 / 1,188",30.7,379,1.29 %,14.0 %,13.2 %,10.0,0.95,4.55,0.08 %,0.08 %,19.1 %,18.2 %,8.52 %,9.91 %,4.08 %,5.60 %,3.95 %,12.6 %,0.00 %,0.73,0.00 %,"1,008 Cr.",957 Cr.,883 Cr.,Utilities,Power,Power,Integrated Power Utilities,331,655,742,742,20.23|10.01|9.44|21.03|14.52|14.36|12.76|6.31,"5,464","4,805",2251|2550|2356|2764|2425|3610|2988|3167|3456|4258|4805|5464,19.60,20|26|25|27|24|26|29|25|19|17|18|19
Belrise Industri,https://www.screener.in/company/BELRISE/,"19,528 Cr.",219,229 / 89.2,40.5,57.1,0.25 %,13.8 %,12.6 %,5.00,2.10,5.02,-0.04 %,0.89 %,14.0 %,13.9 %,6.41 %,5.03 %,11.8 %,21.6 %,%,%,0.00 %,0.24,0.00 %,48.9 Cr.,35.8 Cr.,17.0 Cr.,Consumer Discretionary,Automobile and Auto Components,Auto Components,Auto Components & Equipments,136,117,123,103,1.01|1|1.4|1.69|1.15|1.38|1.31|1.53,817,654,520|97|369|756|762|654|817,14.40,11|14|14|15|15|14|14|14
Arvind Ltd,https://www.screener.in/company/ARVIND/consolidated/,"12,903 Cr.",492,500 / 275,30.3,154,0.76 %,13.8 %,10.9 %,10.0,1.14,4.71,-0.41 %,0.74 %,10.8 %,10.8 %,4.72 %,4.26 %,3.53 %,6.14 %,6.06 %,134 %,7.24 %,0.41,0.00 %,118 Cr.,98.2 Cr.,98.2 Cr.,Consumer Discretionary,Textiles,Textiles & Apparels,Garments & Apparels,165,101,107,55,1.5|2.28|3.95|5.77|2.03|3.94|3.72|6.09,867,763,558|650|551|428|2358|860|776|595|666|696|763|867,10.60,13|12|10|10|10|10|9|10|10|11|11|11
Apollo Tyres,https://www.screener.in/company/APOLLOTYRE/consolidated/,"24,991 Cr.",394,540 / 365,12.1,263,1.25 %,13.8 %,13.2 %,1.00,1.32,6.98,-0.11 %,-0.33 %,14.6 %,13.8 %,7.28 %,4.72 %,5.04 %,26.5 %,26.5 %,23.8 %,0.01 %,0.22,0.00 %,381 Cr.,318 Cr.,314 Cr.,Consumer Discretionary,Automobile and Auto Components,Auto Components,Tyres & Rubber Products,631,471,258,13,4.76|4.68|5.31|2.91|0.2|4.06|7.41|9.93,"3,667","1,823",1412|2122|902|1720|1071|2517|2447|2154|2137|3440|1823|3667,14.60,15|17|14|11|11|12|16|12|14|18|14|15
JSW Infrast,https://www.screener.in/company/JSWINFRA/consolidated/,"58,716 Cr.",280,349 / 233,37.0,51.8,0.29 %,13.7 %,15.4 %,2.00,2.27,6.10,-0.21 %,0.26 %,48.6 %,50.5 %,30.1 %,32.6 %,18.8 %,28.9 %,23.9 %,-30.8 %,0.00 %,0.63,0.00 %,188 Cr.,166 Cr.,93.3 Cr.,Services,Services,Transport Infrastructure,Port & Port services,424,365,369,390,1.39|1.77|1.57|2.43|1.83|1.72|1.71|1.99,"2,022","2,100",616|600|328|259|990|1176|1797|1803|2100|2022,50.40,58|59|49|54|51|49|51|52|51|49
Hindalco Inds.,https://www.screener.in/company/HINDALCO/consolidated/,"2,47,869 Cr.","1,103","1,120 / 618",14.2,608,0.46 %,13.7 %,13.5 %,1.00,1.21,8.32,1.80 %,-1.82 %,12.7 %,13.3 %,6.37 %,6.76 %,7.20 %,20.2 %,20.2 %,36.2 %,0.00 %,0.73,0.00 %,"1,110 Cr.","1,110 Cr.",910 Cr.,Commodities,Metals & Mining,Non - Ferrous Metals,Aluminium,"2,597","2,049","4,741","4,004",13.68|17.39|16.62|23.51|17.82|21.1|9.12|11.56,"10,250","24,410",7143|11688|12687|10898|11977|12665|17232|16838|19208|24056|24410|10250,12.40,8|8|12|12|12|12|13|15|10|11|13|13
Dr Reddy's Labs,https://www.screener.in/company/DRREDDY/consolidated/,"1,11,231 Cr.","1,333","1,380 / 1,148",26.5,454,0.60 %,13.6 %,11.8 %,1.00,1.80,15.4,-1.20 %,0.28 %,19.2 %,26.2 %,12.3 %,17.2 %,11.0 %,-3.00 %,-3.08 %,16.4 %,0.00 %,0.20,-0.01 %,668 Cr.,667 Cr.,634 Cr.,Healthcare,Healthcare,Pharmaceuticals & Biotechnology,Pharmaceuticals,221,"1,190","1,337","1,410",16.69|15.05|16.94|19.09|16.99|16.14|14.5|2.65,"5,674","4,643",2524|3263|2144|1803|2870|2984|3570|2811|5888|4543|4643|5674,23.20,23|23|17|16|21|14|20|17|26|28|26|19
Mankind Pharma,https://www.screener.in/company/MANKIND/consolidated/,"99,941 Cr.","2,420","2,727 / 1,910",49.8,395,0.04 %,13.5 %,13.1 %,1.00,1.07,4.85,-1.10 %,1.20 %,25.3 %,24.8 %,14.3 %,14.4 %,17.7 %,17.0 %,15.9 %,9.86 %,0.00 %,0.39,0.00 %,0.00 Cr.,0.00 Cr.,0.00 Cr.,Healthcare,Healthcare,Pharmaceuticals & Biotechnology,Pharmaceuticals,559,414,520,445,13.39|16.31|9.22|10.2|10.62|12.39|9.9|13.43,"3,121","2,413",1070|1137|920|1813|2152|2413|3121,24.60,18|25|27|26|22|25|25|25
Fortis Health.,https://www.screener.in/company/FORTIS/consolidated/,"72,567 Cr.",961,"1,105 / 699",68.6,131,0.10 %,13.5 %,11.3 %,10.0,0.86,5.41,-1.86 %,2.02 %,22.8 %,20.4 %,11.8 %,11.3 %,13.2 %,26.6 %,26.6 %,64.4 %,0.00 %,0.35,0.00 %,75.5 Cr.,75.5 Cr.,60.4 Cr.,Healthcare,Healthcare,Healthcare Services,Hospital,271,197,329,267,2.2|2.34|3.28|2.44|3.45|4.26|2.57|3.52,"1,601","1,424",24|195|966|493|-179|172|485|865|822|1100|1424|1601,19.40,3|2|8|6|5|13|10|19|17|18|20|23
Amara Raja Ener.,https://www.screener.in/company/ARE&M/,"16,254 Cr.",888,"1,096 / 670",20.8,446,1.17 %,13.5 %,10.0 %,1.00,1.57,26.8,-0.06 %,-0.17 %,11.4 %,13.2 %,5.74 %,7.04 %,9.25 %,0.45 %,-1.84 %,2.65 %,0.00 %,0.05,0.00 %,194 Cr.,192 Cr.,150 Cr.,Consumer Discretionary,Automobile and Auto Components,Auto Components,Auto Components & Equipments,322,152,302,194,13.36|13.15|17.04|9.11|10.6|16.52|8.29|17.61,,"1,375",395|555|553|322|541|1177|802|633|956|1314|1375,12.80,17|18|16|15|14|16|16|12|14|14|13|11
Sagility,https://www.screener.in/company/SAGILITY/consolidated/,"19,521 Cr.",41.7,57.9 / 35.8,20.6,20.6,0.12 %,13.4 %,10.5 %,10.0,1.55,13.8,-0.23 %,0.92 %,24.5 %,23.5 %,13.2 %,9.79 %,19.5 %,85.9 %,38.2 %,%,0.00 %,0.11,0.00 %,70.2 Cr.,0.00 Cr.,14.0 Cr.,Information Technology,Information Technology,IT - Services,IT Enabled Services,258,268,251,149,0.05|0.25|0.46|0.39|0.32|0.54|0.57|0.55,"1,203","1,214",-32|857|973|1214|1203,23.20,21|25|23|23|24
General Insuranc,https://www.screener.in/company/GICRE/consolidated/,"69,044 Cr.",394,436 / 350,7.13,402,2.57 %,13.3 %,11.0 %,5.00,0.49,,-0.07 %,0.23 %,17.7 %,16.2 %,12.9 %,12.4 %,0.44 %,39.0 %,39.0 %,105 %,0.00 %,0.00,0.00 %,"1,754 Cr.","1,754 Cr.","1,033 Cr.",Financial Services,Financial Services,Insurance,General Insurance,"1,726","2,874","2,531","2,499",14.71|7.98|10.58|9.56|14.24|14.42|16.38|9.84,"1,976",-212,2635|6013|7901|8837|7604|8617|13284|9051|11722|-212|1976,12.20,-18|-12|-10|-3|-4|8|-4|6|6|15|16|18
Kaynes Tech,https://www.screener.in/company/KAYNES/consolidated/,"22,327 Cr.","3,331","7,705 / 2,995",61.0,708,0.00 %,13.2 %,9.64 %,10.0,2.23,5.33,-1.59 %,-1.60 %,15.8 %,15.3 %,10.1 %,10.5 %,47.7 %,56.7 %,49.4 %,31.8 %,0.00 %,0.19,0.00 %,0.00 Cr.,0.00 Cr.,0.00 Cr.,Industrials,Capital Goods,Industrial Manufacturing,Industrial Products,91,77,121,75,7.94|9.41|10.38|18.15|11.14|18.11|11.43|13.61,-600,-82,-8|45|28|21|-42|70|-82|-600,14.60,10|12|10|13|15|14|15|16
Aegis Logistics,https://www.screener.in/company/AEGISLOG/consolidated/,"25,393 Cr.",723,945 / 576,33.0,169,0.99 %,13.2 %,15.5 %,1.00,3.02,10.0,1.69 %,-1.74 %,16.2 %,13.1 %,11.6 %,9.42 %,13.5 %,22.8 %,22.8 %,45.1 %,0.00 %,0.41,0.00 %,281 Cr.,228 Cr.,174 Cr.,Energy,"Oil, Gas & Consumable Fuels",Gas,Trading - Gas,233,244,175,318,5.59|3.75|3.59|3.54|8.02|3.74|5.12|5.04,558,656,88|122|138|177|191|556|146|442|280|358|656|558,11.80,2|4|8|5|6|7|4|10|12|8|13|16
Aether Industri.,https://www.screener.in/company/AETHER/consolidated/,"14,609 Cr.","1,101","1,275 / 723",64.6,185,0.00 %,13.1 %,10.2 %,10.0,1.78,17.6,0.48 %,0.41 %,31.3 %,28.8 %,19.5 %,19.9 %,21.2 %,20.4 %,17.8 %,%,0.00 %,0.19,-0.03 %,0.00 Cr.,0.00 Cr.,0.00 Cr.,Commodities,Chemicals,Chemicals & Petrochemicals,Specialty Chemicals,54,64,54,47,2.26|2.63|3.27|3.79|3.55|4.07|4.86|4.07,142,100,-5|-7|-16|100|142,27.80,28|29|22|29|31
Bharat Forge,https://www.screener.in/company/BHARATFORG/consolidated/,"91,497 Cr.","1,914","2,044 / 1,100",77.6,200,0.44 %,13.1 %,12.5 %,2.00,1.17,6.63,1.75 %,-1.46 %,17.4 %,17.8 %,7.08 %,6.11 %,9.20 %,35.3 %,34.1 %,39.1 %,0.00 %,0.76,0.00 %,406 Cr.,406 Cr.,377 Cr.,Consumer Discretionary,Automobile and Auto Components,Auto Components,Auto Components & Equipments,233,273,299,284,4.36|5.23|4.45|5.9|5.93|6.26|5.53|4.86,"1,487","1,796",1035|1356|1052|967|911|1522|1020|506|1294|1664|1796|1487,16.60,18|21|18|21|20|13|13|19|13|16|18|17
Samvardh. Mothe.,https://www.screener.in/company/MOTHERSON/consolidated/,"1,42,379 Cr.",135,139 / 89.7,34.4,38.8,0.42 %,13.1 %,10.9 %,1.00,1.06,4.72,0.70 %,-0.49 %,9.44 %,9.28 %,3.47 %,3.56 %,17.0 %,38.9 %,37.2 %,21.1 %,2.90 %,0.47,0.00 %,0.00 Cr.,598 Cr.,375 Cr.,Consumer Discretionary,Automobile and Auto Components,Auto Components,Auto Components & Equipments,"1,562","1,072",846,606,0.98|0.83|0.83|1|0.48|0.78|0.97|1.42,"11,284","6,286",3390|2188|3800|3264|4312|6352|5051|2463|4643|7569|6286|11284,8.40,8|10|10|9|8|8|8|7|8|9|9|9
Go Digit General,https://www.screener.in/company/GODIGIT/,"28,204 Cr.",305,381 / 300,51.8,50.4,0.00 %,13.1 %,12.1 %,10.0,0.10,,-0.25 %,0.28 %,1.59 %,1.29 %,5.44 %,4.46 %,19.4 %,148 %,143 %,42.9 %,0.00 %,0.08,-0.02 %,0.00 Cr.,0.00 Cr.,0.00 Cr.,Financial Services,Financial Services,Insurance,General Insurance,149,140,117,138,1.1|0.97|1.29|1.25|1.5|1.26|1.52|1.62,"2,026","1,604",1563|2479|2250|1720|1604|2026,-1.20,-5|-7|1|-3|1|2
Kansai Nerolac,https://www.screener.in/company/KANSAINER/consolidated/,"17,661 Cr.",218,264 / 158,27.8,83.0,1.15 %,13.0 %,9.67 %,1.00,3.48,27.6,-1.57 %,1.49 %,12.1 %,12.0 %,7.72 %,7.56 %,2.20 %,10.7 %,10.7 %,4.05 %,0.00 %,0.05,-0.02 %,303 Cr.,303 Cr.,235 Cr.,Consumer Discretionary,Consumer Durables,Consumer Durables,Paints,110,117,133,216,2.86|1.52|8.42|1.34|2.73|1.67|1.5|1.39,894,672,305|392|351|360|100|595|646|25|408|903|672|894,11.60,13|16|18|17|14|15|17|10|11|13|12|12
Shyam Metalics,https://www.screener.in/company/SHYAMMETL/consolidated/,"27,028 Cr.",968,"1,001 / 746",25.2,413,0.47 %,13.0 %,9.70 %,10.0,1.00,8.61,-0.12 %,0.30 %,12.6 %,12.3 %,5.71 %,6.01 %,13.6 %,8.60 %,5.38 %,1.23 %,0.00 %,0.09,0.00 %,75.1 Cr.,125 Cr.,99.5 Cr.,Industrials,Capital Goods,Industrial Products,Iron & Steel Products,312,198,260,291,9.89|7.72|7.08|7.84|10.47|9.38|7.07|11.43,"2,024","1,964",247|457|-91|1056|1561|1518|1794|1964|2024,14.80,19|21|15|22|25|12|12|12|13
Nava,https://www.screener.in/company/NAVA/consolidated/,"17,262 Cr.",610,739 / 450,21.9,309,1.31 %,13.0 %,9.63 %,1.00,7.59,127,0.25 %,0.14 %,40.0 %,46.1 %,24.2 %,36.0 %,6.74 %,-13.1 %,-12.3 %,15.7 %,0.00 %,0.25,0.01 %,156 Cr.,226 Cr.,123 Cr.,Utilities,Power,Power,Power Generation,136,326,178,399,12.26|8.65|8.63|8.28|10.88|4.58|7.84|4.49,"2,312","2,157",891|-126|39|201|824|527|758|608|1223|3174|2157|2312,42.80,17|23|14|34|46|43|42|39|44|45|46|40
Phoenix Mills,https://www.screener.in/company/PHOENIXLTD/consolidated/,"63,948 Cr.","1,788","1,993 / 1,402",51.6,307,0.14 %,12.8 %,11.6 %,2.00,1.29,6.33,-0.88 %,0.88 %,59.6 %,56.8 %,35.7 %,32.5 %,19.1 %,14.4 %,14.3 %,82.0 %,0.00 %,0.48,0.00 %,89.4 Cr.,89.4 Cr.,80.1 Cr.,Consumer Discretionary,Realty,Realty,"Residential, Commercial Projects",485,366,384,321,6.5|6.1|7.41|7.52|6.73|8.5|7.71|11.28,"2,426","2,084",564|497|1419|1514|350|739|432|781|1356|2161|2084|2426,56.00,47|45|47|49|51|50|48|50|58|55|57|60
Aurobindo Pharma,https://www.screener.in/company/AUROPHARMA/consolidated/,"84,454 Cr.","1,454","1,550 / 1,016",23.8,652,0.27 %,12.8 %,10.1 %,1.00,1.81,14.5,1.29 %,-1.84 %,20.3 %,20.6 %,10.5 %,10.9 %,10.6 %,22.7 %,23.1 %,0.97 %,23.6 %,0.21,-0.01 %,0.00 Cr.,0.00 Cr.,246 Cr.,Healthcare,Healthcare,Pharmaceuticals & Biotechnology,Pharmaceuticals,921,910,848,824,15.69|14.07|14.56|15.56|14.2|14.61|15.67|15.86,"5,526","3,925",1237|1420|3279|1955|1651|4381|3329|5016|2387|2435|3925|5526,19.00,21|23|23|23|20|21|21|19|15|20|21|20
UltraTech Cem.,https://www.screener.in/company/ULTRACEMCO/consolidated/,"3,42,693 Cr.","11,629","13,110 / 10,325",41.5,"2,600",0.66 %,12.8 %,11.2 %,10.0,0.75,6.91,-0.83 %,0.97 %,19.2 %,16.8 %,9.37 %,8.01 %,11.9 %,17.9 %,17.1 %,7.92 %,0.00 %,0.31,0.04 %,"7,072 Cr.","2,284 Cr.","2,714 Cr.",Commodities,Construction Materials,Cement & Cement Products,Cement & Cement Products,"3,000","1,729","1,238","2,221",51.78|24.34|47.09|84.23|75.54|41.79|58.55|101.22,"15,316","10,673",4190|4526|5005|3888|5956|8972|12500|9283|9069|10898|10673|15316,18.60,19|19|21|20|18|22|26|22|17|18|17|19
Minda Corp,https://www.screener.in/company/MINDACORP/consolidated/,"14,321 Cr.",599,644 / 445,39.7,111,0.23 %,12.8 %,14.9 %,2.00,0.94,4.16,-0.29 %,0.39 %,11.7 %,11.4 %,5.81 %,5.00 %,12.9 %,8.27 %,8.27 %,31.0 %,0.00 %,0.56,0.00 %,0.00 Cr.,33.5 Cr.,23.9 Cr.,Consumer Discretionary,Automobile and Auto Components,Auto Components,Auto Components & Equipments,124,84,85,65,2.69|3.11|2.71|2.18|2.73|3.54|3.58|5.21,676,544,304|226|48|70|209|450|86|167|387|287|544|676,11.00,10|9|9|11|10|9|9|10|11|11|11|12
Motil.Oswal.Fin.,https://www.screener.in/company/MOTILALOFS/consolidated/,"52,227 Cr.",868,"1,097 / 615",27.9,214,0.69 %,12.6 %,15.6 %,1.00,2.10,2.84,0.10 %,-0.40 %,41.3 %,54.5 %,20.0 %,30.1 %,30.9 %,26.1 %,25.4 %,6.51 %,0.00 %,1.65,-0.08 %,361 Cr.,300 Cr.,233 Cr.,Financial Services,Financial Services,Capital Markets,Stockbroking & Allied,-219,566,363,"1,163",14.77|18.71|9.42|-1.08|19.38|6.04|9.42|-3.68,"-6,071","1,215",-98|-1242|-1980|248|195|952|-139|1011|-3058|-350|1215|-6071,49.40,33|40|52|51|37|34|56|49|45|57|55|41
Tata Steel,https://www.screener.in/company/TATASTEEL/consolidated/,"2,61,904 Cr.",210,224 / 150,22.8,81.8,1.91 %,12.6 %,11.9 %,1.00,0.75,3.37,1.09 %,-0.31 %,14.8 %,11.6 %,4.99 %,1.52 %,-1.56 %,10.1 %,9.34 %,6.98 %,0.00 %,0.90,0.00 %,"4,990 Cr.","4,491 Cr.","4,919 Cr.",Commodities,Metals & Mining,Ferrous Metals,Iron & Steel,"2,965","2,730","3,183","2,007",0.77|0.67|0.26|1.04|1.66|2.48|2.15|2.34,"35,064","23,512",11880|11455|10824|8023|25336|20169|44327|44381|21683|20301|23512|35064,15.20,2|-1|12|17|19|12|19|26|13|10|12|15
Alembic Pharma,https://www.screener.in/company/APLLTD/consolidated/,"14,955 Cr.",761,"1,108 / 635",20.5,289,1.46 %,12.6 %,13.4 %,2.00,1.76,9.13,0.03 %,0.00 %,15.2 %,15.1 %,9.88 %,8.51 %,9.12 %,28.2 %,28.2 %,-8.56 %,0.00 %,0.25,0.00 %,236 Cr.,216 Cr.,204 Cr.,Healthcare,Healthcare,Pharmaceuticals & Biotechnology,Pharmaceuticals,202,132,184,154,6.85|7.8|7.04|7.98|7.85|9.4|6.76|10.31,783,88,172|948|329|312|812|449|1463|552|724|803|88|783,14.60,20|32|20|21|22|27|27|16|12|15|15|15
Fractal Analyt.,https://www.screener.in/company/FRACTAL/consolidated/,"16,543 Cr.",962,"1,120 / 732",55.0,185,0.00 %,12.6 %,12.2 %,1.00,3.00,7.70,%,%,13.3 %,11.6 %,8.95 %,6.42 %,18.4 %,53.2 %,32.1 %,7.80 %,3.42 %,0.13,%,0.00 Cr.,0.00 Cr.,0.00 Cr.,Information Technology,Information Technology,IT - Software,Computers - Software & Consulting,116,100,33,56,27.78|16.36|2.5|7.44|6.85,409,397,81|-117|-31|160|397|409,3.20,11|-6|-6|3|12|13
Asahi India Glas,https://www.screener.in/company/ASAHIINDIA/consolidated/,"22,690 Cr.",890,"1,074 / 688",72.4,145,0.23 %,12.4 %,13.6 %,1.00,1.57,3.13,-0.03 %,0.10 %,16.7 %,16.7 %,7.35 %,7.52 %,13.2 %,0.24 %,0.24 %,17.5 %,3.36 %,0.77,0.00 %,48.6 Cr.,48.6 Cr.,43.8 Cr.,Consumer Discretionary,Automobile and Auto Components,Auto Components,Auto Components & Equipments,99,58,55,92,3.04|3.21|3.93|4.34|3.8|2.31|2.22|3.9,720,653,10|50|230|418|449|424|293|516|586|402|653|720,19.20,10|15|18|18|18|18|16|18|24|20|17|17
Container Corpn.,https://www.screener.in/company/CONCOR/consolidated/,"36,211 Cr.",475,653 / 421,29.2,170,1.92 %,12.4 %,9.81 %,5.00,3.92,21.9,-0.73 %,1.09 %,21.5 %,21.7 %,13.7 %,14.7 %,3.58 %,1.99 %,1.99 %,17.5 %,0.00 %,0.07,0.00 %,335 Cr.,701 Cr.,591 Cr.,Services,Services,Transport Services,Logistics Solution Provider,264,335,380,267,3.39|4.8|4.81|3.94|3.5|4.97|4.38|3.45,"1,482","1,712",1166|-781|2029|1313|-1941|4286|1029|1370|1406|1387|1712|1482,22.40,23|21|21|23|26|26|16|23|23|23|22|21
Balkrishna Inds,https://www.screener.in/company/BALKRISIND/consolidated/,"42,521 Cr.","2,200","2,801 / 2,015",34.2,567,0.73 %,12.4 %,11.6 %,2.00,1.01,13.3,0.13 %,-0.17 %,21.2 %,23.5 %,11.5 %,14.5 %,3.51 %,7.56 %,7.56 %,1.34 %,0.00 %,0.38,0.00 %,155 Cr.,309 Cr.,325 Cr.,Consumer Discretionary,Automobile and Auto Components,Auto Components,Tyres & Rubber Products,299,382,273,288,25.35|17.95|23.25|19.06|14.91|14.13|19.77|15.49,"2,249","1,764",984|1072|847|750|820|1173|1339|908|1448|2082|1764|2249,22.20,19|27|30|25|25|26|31|24|18|24|24|21
360 ONE,https://www.screener.in/company/360ONE/consolidated/,"45,779 Cr.","1,127","1,274 / 906",37.6,242,1.05 %,12.1 %,14.4 %,1.00,2.69,2.45,-2.18 %,1.93 %,62.1 %,64.9 %,27.9 %,29.4 %,28.5 %,22.7 %,17.5 %,23.2 %,0.00 %,1.62,-0.01 %,0.00 Cr.,236 Cr.,755 Cr.,Financial Services,Financial Services,Capital Markets,Stockbroking & Allied,289,327,315,285,6.72|6.73|7.12|6.35|7.04|7.79|8.08|7.11,"-2,921","-2,411",-2772|1852|1628|463|929|-1323|-470|-2411|-2921,60.80,62|63|54|57|56|63|58|65|62
Anant Raj,https://www.screener.in/company/ANANTRAJ/consolidated/,"18,300 Cr.",508,744 / 403,32.9,161,0.14 %,12.1 %,11.2 %,2.00,9.75,54.6,-0.26 %,-0.37 %,26.1 %,23.9 %,22.2 %,20.7 %,37.9 %,53.6 %,48.3 %,112 %,0.00 %,0.12,0.00 %,36.0 Cr.,25.1 Cr.,21.2 Cr.,Consumer Discretionary,Realty,Realty,"Residential, Commercial Projects",149,144,138,126,2.66|3.09|3.23|3.46|3.67|4.02|4.01|4.07,-435,97,249|-73|-127|-305|810|-84|-150|423|33|-26|97|-435,22.00,52|32|30|23|22|19|14|16|21|23|24|26
O N G C,https://www.screener.in/company/ONGC/consolidated/,"3,60,614 Cr.",287,308 / 229,9.49,292,4.26 %,12.0 %,10.6 %,5.00,0.87,5.61,0.54 %,-0.39 %,14.5 %,17.0 %,6.27 %,9.38 %,7.61 %,-8.19 %,-8.19 %,19.4 %,0.00 %,0.48,0.00 %,"15,411 Cr.","15,411 Cr.","12,543 Cr.",Energy,"Oil, Gas & Consumable Fuels",Oil,Oil Exploration & Production,"11,946","12,615","11,554","8,856",7.97|7.93|8.14|6.82|5.82|7.79|8.57|7.96,"90,868","98,847",53270|33950|46292|45780|56792|61458|70593|47185|78248|84211|98847|90868,15.20,28|26|32|19|18|18|13|16|16|12|17|15
Azad Engineering,https://www.screener.in/company/AZAD/consolidated/,"13,755 Cr.","2,130","2,350 / 1,359",103,237,0.00 %,11.9 %,9.09 %,2.00,3.27,7.08,-0.58 %,0.98 %,37.4 %,35.3 %,22.2 %,18.9 %,33.8 %,150 %,-26.2 %,-23.0 %,0.00 %,0.31,0.00 %,0.00 Cr.,0.00 Cr.,0.00 Cr.,Industrials,Capital Goods,Electrical Equipment,Heavy Electrical Equipment,37,35,33,29,2.9|3.55|4.05|3.91|4.6|5.07|5.34|5.57,-119,54,5|21|-10|-7|54|-119,33.40,23|32|29|34|35|37
DCM Shriram,https://www.screener.in/company/DCMSHRIRAM/consolidated/,"17,230 Cr.","1,105","1,502 / 945",19.7,495,0.82 %,11.8 %,11.8 %,2.00,1.49,6.78,-0.01 %,0.24 %,11.1 %,11.0 %,6.46 %,4.85 %,5.45 %,-0.50 %,-0.50 %,5.55 %,0.00 %,0.38,0.00 %,176 Cr.,141 Cr.,174 Cr.,Diversified,Diversified,Diversified,Diversified,371,213,159,114,6.43|4.03|16.81|11.47|7.27|10.13|13.6|23.72,"1,234","1,128",167|100|772|827|775|496|1887|1224|1296|794|1128|1234,12.80,7|9|13|15|18|15|14|19|14|9|11|11
Capri Global,https://www.screener.in/company/CGCL/consolidated/,"18,377 Cr.",191,214 / 151,19.4,74.9,0.11 %,11.7 %,16.5 %,1.00,2.03,1.73,1.12 %,-0.02 %,65.2 %,61.8 %,20.1 %,14.7 %,47.8 %,66.7 %,58.4 %,35.6 %,0.00 %,3.35,0.00 %,19.2 Cr.,16.5 Cr.,13.4 Cr.,Financial Services,Financial Services,Finance,Non Banking Financial Company (NBFC),283,255,236,175,0.92|1.18|1.55|2.15|1.82|2.45|2.65|2.94,"-8,728","-4,312",59|-73|-511|-857|-1115|210|-319|-1341|-3007|-3699|-4312|-8728,,
Oil India,https://www.screener.in/company/OIL/consolidated/,"80,086 Cr.",492,531 / 385,12.1,357,2.33 %,11.6 %,12.3 %,10.0,1.09,8.96,0.13 %,-0.01 %,30.8 %,35.2 %,22.2 %,22.0 %,-2.02 %,-8.74 %,-8.74 %,11.8 %,0.00 %,0.65,0.00 %,"1,871 Cr.","1,871 Cr.","1,806 Cr.",Energy,"Oil, Gas & Consumable Fuels",Oil,Oil Exploration & Production,"2,424","1,436","1,644","2,047",11.59|12.4|8.23|8.05|11.66|8.78|7.35|12.91,"10,684","11,332",1754|3597|3114|3933|5023|6493|5235|9310|11410|10933|11332|10684,37.60,36|37|33|37|41|29|32|41|42|39|35|31
Inox Wind,https://www.screener.in/company/INOXWIND/consolidated/,"16,626 Cr.",96.2,198 / 74.9,33.2,38.6,0.00 %,11.5 %,11.7 %,10.0,2.34,5.27,0.44 %,0.59 %,21.3 %,15.0 %,12.6 %,-2.03 %,78.6 %,43.8 %,38.6 %,25.5 %,10.4 %,0.17,0.00 %,0.00 Cr.,0.00 Cr.,0.00 Cr.,Industrials,Capital Goods,Electrical Equipment,Heavy Electrical Equipment,127,121,97,190,0.34|0.07|0.19|0.84|1.35|0.61|0.53|0.68,138,-366,-76|-106|-163|114|269|147|733|-112|-475|-1100|-366|138,-13.00,11|16|17|16|-18|10|-15|-27|-48|-26|15|21
Deepak Nitrite,https://www.screener.in/company/DEEPAKNTR/consolidated/,"23,618 Cr.","1,732","2,129 / 1,280",42.2,428,0.43 %,11.5 %,9.97 %,2.00,2.40,17.7,0.13 %,0.26 %,12.4 %,13.2 %,7.10 %,8.22 %,-0.36 %,-12.8 %,-12.8 %,-6.33 %,0.00 %,0.28,0.00 %,102 Cr.,102 Cr.,101 Cr.,Commodities,Chemicals,Chemicals & Petrochemicals,Specialty Chemicals,220,100,119,112,14.85|14.24|7.19|14.84|8.23|8.7|7.32|16.11,539,625,108|167|49|183|60|765|1002|824|650|874|625|539,16.00,11|12|10|12|16|24|29|24|16|15|13|12
Shriram Finance,https://www.screener.in/company/SHRIRAMFIN/consolidated/,"2,24,978 Cr.",956,"1,108 / 566",22.4,350,1.13 %,11.5 %,16.4 %,2.00,3.64,1.62,8.93 %,-2.67 %,73.7 %,72.0 %,20.8 %,18.7 %,16.4 %,18.6 %,18.4 %,24.6 %,0.00 %,3.80,-5.08 %,"2,032 Cr.","1,862 Cr.","1,487 Cr.",Financial Services,Financial Services,Finance,Non Banking Financial Company (NBFC),"3,021","2,530","2,314","2,159",10.76|11.39|17.27|11.4|11.48|12.3|13.45|16.06,"-13,281","-43,652",-9611|-5507|-2677|-13142|-5535|-2464|-4239|-8859|-17625|-31118|-43652|-13281,,
Century Plyboard,https://www.screener.in/company/CENTURYPLY/consolidated/,"17,083 Cr.",769,859 / 618,63.7,117,0.13 %,11.4 %,10.8 %,1.00,1.05,4.22,0.00 %,0.81 %,12.0 %,10.8 %,5.08 %,4.30 %,14.0 %,-11.6 %,-11.6 %,6.20 %,0.00 %,0.68,-0.81 %,22.2 Cr.,22.2 Cr.,24.5 Cr.,Consumer Discretionary,Consumer Durables,Consumer Durables,Plywood Boards/ Laminates,79,65,71,53,1.55|1.8|2.63|2.36|2.33|3.1|2.87|3.51,457,-3,149|293|220|305|266|400|371|276|438|252|-3|457,14.00,16|18|17|16|13|12|16|18|16|13|11|12
Aster DM Health.,https://www.screener.in/company/ASTERDM/consolidated/,"39,354 Cr.",760,777 / 519,96.4,88.3,0.67 %,11.4 %,10.7 %,10.0,1.99,5.90,-1.28 %,1.45 %,18.6 %,18.2 %,9.67 %,7.26 %,15.8 %,-1.31 %,-2.51 %,21.7 %,40.7 %,0.49,0.00 %,155 Cr.,250 Cr.,"1,280 Cr.",Healthcare,Healthcare,Healthcare Services,Hospital,154,59,121,94,103|1.94|1.14|1.58|1.65|2.12|1.01|2.71,656,425,236|203|361|537|601|1223|1569|1314|1834|158|425|656,16.60,13|8|6|9|14|17|13|15|15|16|18|19
Aadhar Hsg. Fin.,https://www.screener.in/company/AADHARHFC/consolidated/,"20,916 Cr.",480,548 / 411,18.9,173,0.00 %,11.4 %,15.9 %,10.0,1.63,2.04,-0.06 %,0.70 %,76.4 %,76.3 %,30.2 %,29.4 %,21.6 %,25.2 %,21.2 %,24.2 %,0.00 %,2.49,-10.3 %,0.00 Cr.,0.00 Cr.,0.00 Cr.,Financial Services,Financial Services,Finance,Housing Finance Company,311,281,266,237,4.69|5.29|5.56|5.68|5.49|6.15|6.48|7.14,"-2,808","-3,027",-2554|-1785|-1202|-907|-1156|-2550|-3027|-2808,,
Vertis Infra.,https://www.screener.in/company/VERTIS/consolidated/,"16,459 Cr.",109,111 / 98.2,23.9,42.5,8.83 %,11.2 %,9.86 %,100,1.47,1.88,%,%,73.3 %,70.9 %,18.4 %,23.4 %,83.9 %,185 %,85.3 %,%,0.00 %,1.80,-13.9 %,"1,543 Cr.","1,584 Cr.",987 Cr.,Services,Services,Transport Infrastructure,"Road AssetsToll, Annuity, Hybrid-Annuity",230,111,188,130,1|1.71|1.2|1.01|0.71|1.35|0.66|1.47,"3,302","1,237",170|503|1247|1237|3302,66.00,78|66|42|71|73
ACC,https://www.screener.in/company/ACC/consolidated/,"26,410 Cr.","1,406","2,029 / 1,250",12.5,"1,094",0.54 %,11.2 %,10.8 %,10.0,1.97,20.0,-0.06 %,0.25 %,11.4 %,14.1 %,8.13 %,10.6 %,5.34 %,31.2 %,31.2 %,6.48 %,0.00 %,0.02,0.00 %,141 Cr.,141 Cr.,337 Cr.,Commodities,Construction Materials,Cement & Cement Products,Cement & Cement Products,238,404,"1,119",375,19.15|10.63|58.14|39.99|19.99|59.6|21.52|12.69,"-1,364","1,711",1352|1457|1390|1554|1118|2255|2219|2835|-1235|2995|1711|-1364,13.60,13|14|13|14|14|15|17|19|9|15|14|11
Dr Agarwal's Hea,https://www.screener.in/company/AGARWALEYE/consolidated/,"15,220 Cr.",480,568 / 327,115,63.9,0.00 %,11.1 %,6.81 %,1.00,1.24,3.73,-0.12 %,0.05 %,27.4 %,27.1 %,8.04 %,5.90 %,26.9 %,13.4 %,%,%,0.00 %,0.53,-0.03 %,0.00 Cr.,0.00 Cr.,0.00 Cr.,Healthcare,Healthcare,Healthcare Services,Hospital,50,44,36,38,0.72|1.03|0.95|0.94|1.07|1.25,519,360,103|99|164|233|346|360|519,27.20,23|18|27|27|28|27|27
JSW Cement,https://www.screener.in/company/JSWCEMENT/consolidated/,"18,085 Cr.",133,162 / 107,27.8,48.0,0.00 %,11.0 %,14.6 %,10.0,0.72,2.91,-0.10 %,0.65 %,19.0 %,10.7 %,10.6 %,-2.87 %,3.88 %,68.2 %,51.0 %,11.2 %,0.10 %,0.68,-0.30 %,67.1 Cr.,0.00 Cr.,13.4 Cr.,Commodities,Construction Materials,Cement & Cement Products,Cement & Cement Products,362,131,75,"-1,366",-0.15|-0.63|-0.68|0.34|-13.31|0.63|1.04|2.72,"1,170",737,723|783|339|653|1408|737|1170,14.20,21|22|16|11|14|11|19
Bajaj Holdings,https://www.screener.in/company/BAJAJHLDNG/consolidated/,"1,19,637 Cr.","10,750","14,873 / 8,588",14.6,"6,573",1.35 %,11.0 %,12.0 %,10.0,1.45,"11,855",-0.64 %,0.77 %,84.8 %,75.7 %,777 %,885 %,27.0 %,19.0 %,19.0 %,17.5 %,0.00 %,0.00,0.00 %,"2,170 Cr.","1,035 Cr.","1,462 Cr.",Financial Services,Financial Services,Finance,Holding Company,"2,577","2,018","1,690","3,504",144.7|129.06|157.09|155.04|313.27|140.08|181.16|231.37,"4,780","-1,957",796|1147|-923|1631|628|1920|272|1610|1728|1941|-1957|4780,80.40,92|91|75|85|80|69|77|76|73|92|76|85
JSW Steel,https://www.screener.in/company/JSWSTEEL/consolidated/,"3,17,016 Cr.","1,296","1,320 / 962",34.8,409,0.22 %,10.9 %,10.1 %,1.00,1.49,2.31,0.00 %,0.10 %,15.8 %,13.5 %,5.61 %,2.29 %,3.77 %,34.3 %,33.8 %,2.41 %,11.8 %,0.99,-0.01 %,"2,166 Cr.",854 Cr.,"2,298 Cr.",Commodities,Metals & Mining,Ferrous Metals,Iron & Steel,"19,243","2,410","1,646","2,209",3.46|1.8|2.93|6.15|8.93|6.64|8.75|66.94,"25,152","20,899",7876|6897|7888|12379|14633|12785|18831|26270|23323|12078|20899|25152,16.60,18|15|22|21|22|16|25|27|11|16|13|16
HFCL,https://www.screener.in/company/HFCL/consolidated/,"25,240 Cr.",165,168 / 59.8,81.0,32.0,0.06 %,10.9 %,6.95 %,1.00,1.99,2.77,-0.40 %,-0.50 %,15.4 %,11.0 %,6.66 %,4.26 %,1.43 %,1.18 %,-2.31 %,1.57 %,1.15 %,0.36,0.00 %,30.6 Cr.,14.4 Cr.,25.2 Cr.,Telecommunication,Telecommunication,Telecom - Services,Telecom - Infrastructure,184,102,72,-29,0.77|0.51|0.51|-0.56|-0.22|0.47|0.64|1.17,-378,396,129|0|136|207|34|172|145|205|235|-45|396|-378,13.20,11|10|9|9|9|13|12|14|13|13|11|15
Bajaj Finance,https://www.screener.in/company/BAJFINANCE/consolidated/,"5,83,932 Cr.",938,"1,102 / 788",30.5,183,0.57 %,10.8 %,18.2 %,1.00,3.44,1.91,-0.16 %,0.24 %,68.0 %,68.8 %,23.8 %,24.1 %,25.6 %,18.6 %,17.5 %,33.3 %,0.00 %,3.82,0.00 %,"3,731 Cr.","3,477 Cr.","2,490 Cr.",Financial Services,Financial Services,Finance,Non Banking Financial Company (NBFC),"5,553","4,066","4,948","4,765",6.32|6.46|6.86|7.21|7.56|7.84|6.39|8.78,"-65,790","-68,154",-7064|-9870|-10439|-20566|-29062|-24412|-807|-37090|-42112|-69843|-68154|-65790,,
Ventive Hospital,https://www.screener.in/company/VENTIVE/consolidated/,"14,822 Cr.",635,845 / 542,34.4,236,0.00 %,10.8 %,8.35 %,1.00,1.18,4.23,-0.13 %,-0.07 %,44.4 %,46.6 %,20.6 %,10.4 %,%,%,%,%,41.1 %,0.47,0.00 %,0.00 Cr.,0.00 Cr.,Cr.,Consumer Discretionary,Consumer Services,Leisure Services,Hotels & Resorts,259,140,64,38,25.3|-2.7|0.95|5.48|1.15|2.25|4.99|9.83,950,677,265|677|950,50.00,59|47|44
G M D C,https://www.screener.in/company/GMDCLTD/consolidated/,"21,886 Cr.",688,772 / 351,38.9,222,1.40 %,10.8 %,8.34 %,2.00,4.15,105,1.46 %,0.08 %,16.7 %,22.4 %,21.2 %,23.9 %,-8.80 %,-22.4 %,-22.4 %,7.99 %,0.00 %,0.04,0.00 %,302 Cr.,321 Cr.,286 Cr.,Commodities,Metals & Mining,Minerals & Mining,Industrial Minerals,194,133,466,164,5.79|4.02|4.64|7.11|5.15|14.65|4.18|6.1,,"1,059",101|204|452|241|142|1|147|481|933|110|1059,25.60,37|24|27|23|30|9|0|26|38|25|22|17
Rail Vikas,https://www.screener.in/company/RVNL/consolidated/,"54,680 Cr.",262,443 / 248,62.6,47.1,0.65 %,10.8 %,9.02 %,10.0,1.91,3.82,-0.11 %,0.05 %,3.76 %,5.65 %,4.27 %,6.43 %,0.21 %,-13.3 %,-13.3 %,-2.48 %,0.00 %,0.49,0.00 %,0.00 Cr.,359 Cr.,325 Cr.,Industrials,Construction,Construction,Civil Construction,182,324,231,134,1.07|1.38|1.49|2.18|0.65|1.1|1.55|0.9,,"1,878",113|652|571|-363|-695|-962|419|4793|-4064|2956|1878,5.60,5|5|4|5|5|5|6|6|6|6|6|4
IIFL Finance,https://www.screener.in/company/IIFL/consolidated/,"20,628 Cr.",485,675 / 409,12.4,327,0.81 %,10.8 %,12.6 %,2.00,2.83,1.42,0.39 %,-2.07 %,62.3 %,55.5 %,13.6 %,8.42 %,16.5 %,3.48 %,3.27 %,16.6 %,0.00 %,5.01,0.00 %,170 Cr.,0.00 Cr.,122 Cr.,Financial Services,Financial Services,Finance,Non Banking Financial Company (NBFC),623,501,418,274,6.79|-3.72|0.96|4.89|5.49|8.86|10.92|13.8,"-13,976","-4,781",-2126|-54|-4329|-10483|422|1101|-3587|1784|-5225|-8716|-4781|-13976,,
ITC Hotels,https://www.screener.in/company/ITCHOTELS/consolidated/,"32,317 Cr.",155,262 / 137,37.0,56.0,0.64 %,10.7 %,7.83 %,1.00,2.77,153,-1.52 %,0.33 %,34.4 %,35.2 %,21.3 %,18.0 %,%,%,%,%,0.00 %,0.01,0.00 %,208 Cr.,0.00 Cr.,Cr.,Consumer Discretionary,Consumer Services,Leisure Services,Hotels & Resorts,317,237,133,134,1.23|0.64|0.64|1.13|1.52,"1,110",803,672|803|1110,34.67,35|35|34
United Breweries,https://www.screener.in/company/UBL/consolidated/,"35,598 Cr.","1,346","2,135 / 1,312",95.2,171,0.75 %,10.7 %,8.42 %,1.00,1.24,8.07,-0.56 %,0.63 %,8.72 %,9.43 %,4.05 %,5.17 %,7.20 %,4.63 %,4.63 %,26.0 %,12.4 %,0.29,0.00 %,264 Cr.,264 Cr.,254 Cr.,Fast Moving Consumer Goods,Fast Moving Consumer Goods,Beverages,Breweries & Distilleries,102,81,46,184,6.56|5|1.45|3.69|6.95|1.76|3.06|3.85,435,235,841|539|544|563|643|508|620|900|-120|70|235|435,9.40,13|14|14|16|18|13|9|12|8|9|9|9
CESC,https://www.screener.in/company/CESC/consolidated/,"24,238 Cr.",183,204 / 138,15.7,94.5,3.27 %,10.6 %,12.6 %,1.00,0.92,2.56,-0.27 %,0.63 %,18.6 %,16.8 %,8.71 %,8.16 %,9.24 %,5.76 %,5.76 %,3.19 %,0.00 %,1.73,0.00 %,0.00 Cr.,599 Cr.,480 Cr.,Utilities,Power,Power,Integrated Power Utilities,459,304,448,404,2.85|2.66|2|2.81|2.92|3.23|2.15|3.31,"4,057","2,582",889|2480|2655|2469|2294|3408|2806|2499|1978|2351|2582|4057,18.20,18|27|34|30|27|27|28|24|16|15|17|19
Bajaj Finserv,https://www.screener.in/company/BAJAJFINSV/consolidated/,"2,89,275 Cr.","1,807","2,195 / 1,597",29.1,487,0.08 %,10.5 %,13.2 %,1.00,0.29,1.97,-0.83 %,1.02 %,37.7 %,37.0 %,13.2 %,13.1 %,22.4 %,15.7 %,15.5 %,17.2 %,0.00 %,5.52,-0.10 %,240 Cr.,160 Cr.,150 Cr.,Financial Services,Financial Services,Finance,Holding Company,"5,226","4,368","4,746","5,329",13.39|13.07|13.97|15.14|17.46|14.04|13.95|15.86,"-55,301","-62,113",-10731|-9795|-10922|-19580|-27076|-23369|4547|-33670|-39480|-65502|-62113|-55301,35.80,49|33|36|33|35|34|32|31|36|37|37|38
Brigade Enterpr.,https://www.screener.in/company/BRIGADE/consolidated/,"16,499 Cr.",674,"1,332 / 601",25.4,279,0.37 %,10.5 %,10.4 %,10.0,1.24,3.24,-1.39 %,1.19 %,25.0 %,28.0 %,12.8 %,13.4 %,18.3 %,35.0 %,32.4 %,83.9 %,0.11 %,0.93,-0.01 %,48.9 Cr.,61.1 Cr.,47.4 Cr.,Consumer Discretionary,Realty,Realty,"Residential, Commercial Projects",191,206,170,158,3.62|4.87|9.67|10.1|6.13|6.65|7.63|5.95,-137,995,26|339|398|49|467|465|803|1032|966|334|995|-137,25.80,29|24|29|29|27|25|24|26|25|25|28|25
Reliance Industries,https://www.screener.in/company/RELIANCE/consolidated/,"18,43,131 Cr.","1,362","1,612 / 1,290",22.8,668,0.40 %,10.5 %,9.25 %,10.0,1.10,5.55,-0.42 %,0.36 %,16.9 %,17.2 %,9.06 %,8.33 %,6.45 %,6.53 %,6.53 %,11.3 %,0.00 %,0.44,-0.01 %,"8,119 Cr.","7,443 Cr.","6,766 Cr.",Energy,"Oil, Gas & Consumable Fuels",Petroleum Products,Refineries & Marketing,"20,589","22,290","22,092","30,783",11.19|12.24|13.7|14.34|19.95|13.42|13.78|12.54,"192,113","178,703",34374|38134|49550|71459|42346|94877|26958|110654|115032|158788|178703|192113,16.80,10|15|15|16|15|15|17|16|16|18|17|17
Shree Cement,https://www.screener.in/company/SHREECEM/consolidated/,"90,454 Cr.","25,070","32,508 / 22,550",51.9,"6,449",0.44 %,10.5 %,7.78 %,10.0,2.16,11.8,-1.13 %,1.20 %,22.1 %,20.4 %,8.35 %,5.80 %,5.47 %,11.4 %,11.4 %,-5.17 %,0.00 %,0.08,0.00 %,541 Cr.,397 Cr.,400 Cr.,Commodities,Construction Materials,Cement & Cement Products,Cement & Cement Products,528,268,310,644,77.22|21.19|53.6|159.18|178.12|85.51|73.92|145.7,"3,794","4,920",1239|1566|2202|1879|2080|3973|4254|2668|2569|3347|4920|3794,21.20,21|26|29|25|22|29|30|25|17|22|20|22
Carborundum Uni.,https://www.screener.in/company/CARBORUNIV/consolidated/,"19,789 Cr.","1,039","1,166 / 735",77.2,205,0.38 %,10.5 %,6.89 %,1.00,2.67,23.2,-0.25 %,-0.56 %,11.1 %,14.6 %,4.40 %,7.52 %,3.81 %,-13.8 %,-13.9 %,-2.70 %,0.00 %,0.11,-0.01 %,47.6 Cr.,76.2 Cr.,66.6 Cr.,Industrials,Capital Goods,Industrial Products,Abrasives & Bearings,-40,73,74,60,5.94|6.09|1.83|1.53|3.25|3.91|3.99|-0.92,367,304,326|178|295|213|202|407|451|245|430|602|304|367,14.40,11|16|16|17|16|15|18|16|14|16|15|11
Tata Power Co.,https://www.screener.in/company/TATAPOWER/consolidated/,"1,34,668 Cr.",421,465 / 342,35.4,124,0.60 %,10.5 %,10.1 %,1.00,0.78,2.28,0.04 %,0.78 %,21.0 %,18.6 %,8.31 %,6.87 %,4.24 %,5.55 %,5.55 %,27.1 %,0.00 %,1.93,0.00 %,799 Cr.,799 Cr.,687 Cr.,Utilities,Power,Power,Integrated Power Utilities,"1,416","1,194","1,245","1,262",3.04|2.9|3.23|3.26|3.32|2.88|2.42|3.12,"5,993","12,680",5981|7415|7014|6364|4574|7375|8345|6693|7166|12504|12680|5993,17.40,19|7|20|19|22|23|21|16|14|17|19|21
NLC India,https://www.screener.in/company/NLCINDIA/consolidated/,"47,617 Cr.",343,388 / 220,13.6,155,1.07 %,10.4 %,17.5 %,10.0,0.80,4.17,0.39 %,0.26 %,32.0 %,31.0 %,21.6 %,17.2 %,2.66 %,15.7 %,15.7 %,25.5 %,0.00 %,1.30,0.00 %,534 Cr.,416 Cr.,412 Cr.,Utilities,Power,Power,Power Generation,"1,481",724,725,839,4.03|6.58|4.82|3.48|5.75|4.8|4.8|10.05,"5,166","8,977",1036|1301|1225|4533|1620|1647|4390|7746|4171|5512|8977|5166,31.60,25|32|46|34|23|32|26|33|36|26|31|32
Jindal Saw,https://www.screener.in/company/JINDALSAW/consolidated/,"14,776 Cr.",231,260 / 153,15.0,197,0.87 %,10.4 %,8.20 %,1.00,1.61,2.76,-0.63 %,2.29 %,12.5 %,16.5 %,5.23 %,7.04 %,0.05 %,14.3 %,14.3 %,25.3 %,0.00 %,0.37,0.00 %,128 Cr.,128 Cr.,109 Cr.,Industrials,Capital Goods,Industrial Products,Iron & Steel Products,124,248,139,415,6.9|7.81|7.92|4.55|6.63|2.38|4.03|2.18,"1,771","2,335",-183|917|1163|565|1567|1665|1570|73|1616|2593|2335|1771,13.00,12|9|10|12|12|13|12|11|9|16|17|12
Prestige Estates,https://www.screener.in/company/PRESTIGE/consolidated/,"60,313 Cr.","1,400","1,814 / 1,090",50.5,378,0.13 %,10.4 %,7.54 %,10.0,1.15,2.08,-1.52 %,1.64 %,29.1 %,34.2 %,10.3 %,8.34 %,15.1 %,18.4 %,15.6 %,19.2 %,0.00 %,1.09,0.00 %,86.1 Cr.,77.5 Cr.,71.2 Cr.,Consumer Discretionary,Realty,Realty,"Residential, Commercial Projects",292,245,457,312,5.8|4.46|0.41|0.58|6.79|9.99|5.17|5.81,"3,223",131,-478|435|514|1072|762|2226|1839|2140|1540|1297|131|3223,28.80,29|19|19|23|28|29|27|24|25|32|34|29
PB Fintech.,https://www.screener.in/company/POLICYBZR/consolidated/,"82,475 Cr.","1,782","1,978 / 1,334",123,158,0.00 %,10.3 %,9.75 %,2.00,4.41,20.1,-0.83 %,7.18 %,7.48 %,1.89 %,9.86 %,6.34 %,38.5 %,50.0 %,49.4 %,14.9 %,0.00 %,0.05,0.00 %,0.00 Cr.,0.00 Cr.,0.00 Cr.,Financial Services,Financial Services,Financial Technology (Fintech),Financial Technology (Fintech),261,189,135,85,1.32|1.11|1.56|3.7|1.84|2.94|4.09|5.64,41,-183,-102|-97|-83|-282|-364|29|-1568|-299|9|-183|41,-17.00,-92|-157|-16|-68|-41|-18|-63|-26|-5|2|7
HDFC Life Insur.,https://www.screener.in/company/HDFCLIFE/consolidated/,"1,34,605 Cr.",624,821 / 555,70.3,82.3,0.34 %,10.3 %,11.3 %,10.0,1.03,,-1.75 %,2.02 %,1.14 %,1.11 %,1.92 %,1.79 %,12.3 %,11.8 %,11.7 %,5.65 %,0.00 %,0.17,0.00 %,453 Cr.,452 Cr.,421 Cr.,Financial Services,Financial Services,Insurance,Life Insurance,497,418,448,548,2.23|2.02|1.96|2.21|2.54|2.08|1.94|2.31,"22,625","15,597",4459|5687|6230|6739|9868|7388|9703|5943|6883|10721|15597|22625,0.80,3|5|3|3|3|4|2|1|0|1|1|1
Amber Enterp.,https://www.screener.in/company/AMBER/consolidated/,"25,945 Cr.","7,367","8,974 / 5,400",131,"1,242",0.00 %,10.2 %,5.95 %,10.0,1.13,2.32,-3.02 %,4.06 %,7.08 %,7.38 %,2.07 %,2.54 %,20.7 %,7.49 %,5.94 %,17.4 %,0.00 %,0.62,-0.02 %,0.00 Cr.,0.00 Cr.,0.00 Cr.,Consumer Discretionary,Consumer Durables,Consumer Durables,Household Appliances,162,-9,-32,106,21.48|5.69|10.61|34.32|30.66|-9.35|-7.74|38.04,240,711,81|152|142|127|-63|288|221|241|321|965|711|240,6.80,8|10|8|9|8|8|7|7|6|7|7|7
UPL,https://www.screener.in/company/UPL/consolidated/,"55,529 Cr.",658,812 / 565,29.4,411,0.92 %,10.2 %,5.91 %,2.00,1.21,1.91,2.94 %,-2.08 %,17.5 %,15.3 %,4.21 %,1.74 %,-1.09 %,-19.7 %,-19.7 %,-8.60 %,0.00 %,0.68,0.01 %,0.00 Cr.,477 Cr.,413 Cr.,Commodities,Chemicals,Fertilizers & Agrochemicals,Pesticides & Agrochemicals,"1,294",490,612,-176,-4.55|-5.25|9.81|10.61|-1.04|6.56|4.7|12.57,0,"10,151",1409|1396|2585|2839|2356|8739|7212|6496|7751|2321|10151|0,16.60,20|17|18|20|17|19|22|21|19|10|15|18
ICICI Pru Life,https://www.screener.in/company/ICICIPRULI/consolidated/,"75,373 Cr.",520,707 / 489,46.8,94.0,0.31 %,10.1 %,12.6 %,10.0,1.13,,-0.59 %,0.64 %,0.29 %,1.64 %,2.54 %,1.69 %,7.87 %,25.5 %,25.2 %,10.8 %,0.00 %,0.19,-0.08 %,239 Cr.,123 Cr.,123 Cr.,Financial Services,Financial Services,Insurance,Life Insurance,624,387,296,301,1.56|1.74|2.25|2.67|2.08|2.04|2.67|4.3,"-5,355","-9,413",523|3634|4130|5690|11377|8596|7314|1831|89|-7315|-9413|-5355,-1.00,5|9|5|5|1|-2|0|-3|-3|-1|2|0
Syngene Intl.,https://www.screener.in/company/SYNGENE/consolidated/,"18,704 Cr.",464,729 / 380,49.8,120,0.27 %,10.1 %,7.86 %,10.0,1.38,11.0,-1.05 %,0.61 %,24.6 %,28.7 %,10.0 %,13.0 %,5.40 %,-7.22 %,-7.33 %,-0.36 %,0.00 %,0.09,0.00 %,50.4 Cr.,50.3 Cr.,48.2 Cr.,Healthcare,Healthcare,Healthcare Services,"Healthcare Research, Analytics & Technology",148,15,67,87,1.88|2.64|3.26|4.55|2.15|1.67|0.37|3.67,915,"1,168",446|630|677|701|581|824|1042|1168|915,28.40,33|29|31|31|29|30|29|29|25
Graphite India,https://www.screener.in/company/GRAPHITE/consolidated/,"14,760 Cr.",755,802 / 506,42.5,301,1.44 %,10.1 %,8.00 %,2.00,3.62,52.7,0.27 %,0.47 %,9.90 %,-4.86 %,17.8 %,1.83 %,-5.43 %,-3.10 %,-3.10 %,59.2 %,0.00 %,0.05,0.00 %,215 Cr.,215 Cr.,178 Cr.,Industrials,Capital Goods,Industrial Products,Electrodes & Refractories,67,76,133,49,0.82|12.13|9.98|-1.02|2.56|6.86|3.94|3.48,500,680,580|171|268|260|760|2323|253|584|-488|-160|680|500,3.80,12|8|9|3|44|64|-3|-11|15|10|-5|10
SBI Cards,https://www.screener.in/company/SBICARD/,"59,894 Cr.",629,"1,027 / 612",27.7,165,0.40 %,10.1 %,14.7 %,10.0,0.55,1.95,-0.60 %,0.28 %,26.7 %,29.6 %,10.9 %,10.6 %,13.3 %,-1.37 %,-1.56 %,16.8 %,0.00 %,2.80,0.34 %,238 Cr.,238 Cr.,237 Cr.,Financial Services,Financial Services,Finance,Non Banking Financial Company (NBFC),609,557,445,556,6.25|4.25|4.03|5.61|5.84|4.67|5.85|6.4,493,"-2,140",-879|-1158|-2235|-2891|-2327|-4063|692|-4391|-6671|-5653|-2140|493,,
CreditAcc. Gram.,https://www.screener.in/company/CREDITACC/,"21,021 Cr.","1,312","1,568 / 1,100",27.0,490,0.00 %,9.96 %,10.5 %,10.0,4.73,1.54,1.26 %,-0.64 %,49.4 %,47.3 %,12.8 %,9.24 %,20.2 %,-1.99 %,-2.81 %,39.6 %,0.00 %,3.01,-0.04 %,0.00 Cr.,0.00 Cr.,31.9 Cr.,Financial Services,Financial Services,Finance,Microfinance Institutions,340,252,126,60,24.95|11.67|-6.24|2.96|3.77|7.87|15.75|21.2,"-2,770","1,125",-931|-425|-1726|-1378|-2302|-364|-1969|-3290|-4734|1125|-2770,,
Gujarat Fluoroch,https://www.screener.in/company/FLUOROCHEM/consolidated/,"41,483 Cr.","3,776","4,054 / 2,917",62.2,693,0.08 %,9.89 %,8.29 %,1.00,1.66,8.13,-0.03 %,0.67 %,23.2 %,21.4 %,11.5 %,10.3 %,6.21 %,-10.9 %,-10.9 %,21.0 %,3.08 %,0.23,-0.01 %,33.0 Cr.,33.0 Cr.,30.8 Cr.,Commodities,Chemicals,Chemicals & Petrochemicals,Specialty Chemicals,102,179,184,191,9.19|9.83|11.02|11.47|17.39|16.75|16.29|9.29,545,626,952|782|546|616|741|739|626|545,26.40,19|29|17|23|30|35|21|23
Trident,https://www.screener.in/company/TRIDENT/consolidated/,"12,536 Cr.",24.6,33.7 / 22.0,33.2,9.36,2.01 %,9.86 %,8.03 %,1.00,1.57,5.56,-0.09 %,0.03 %,13.0 %,13.0 %,5.63 %,5.28 %,1.90 %,-5.04 %,-5.04 %,2.81 %,0.00 %,0.38,0.00 %,255 Cr.,183 Cr.,198 Cr.,Consumer Discretionary,Textiles,Textiles & Apparels,Other Textile Products,102,44,91,140,0.14|0.16|0.16|0.26|0.27|0.18|0.09|0.2,760,945,544|532|999|476|656|1214|505|903|1426|287|945|760,15.40,18|20|19|19|19|18|18|22|15|14|13|13
Chola Financial,https://www.screener.in/company/CHOLAHLDNG/consolidated/,"31,119 Cr.","1,657","2,299 / 1,305",12.8,823,0.08 %,9.75 %,17.5 %,1.00,1.22,1.51,-2.66 %,2.54 %,55.1 %,57.0 %,14.0 %,14.3 %,29.1 %,23.7 %,23.7 %,24.2 %,0.02 %,13.6,0.00 %,24.4 Cr.,24.4 Cr.,16.0 Cr.,Financial Services,Financial Services,Finance,Investment Company,"1,626","1,386","1,214","1,260",29.2|27.99|25.89|32.68|30.81|29.29|33.32|36.59,"-30,033","-34,201",-1685|-500|594|-6302|-9274|-1914|-9719|-5738|-29329|-35726|-34201|-30033,,
Power Grid Corpn,https://www.screener.in/company/POWERGRID/consolidated/,"2,73,205 Cr.",294,325 / 250,17.2,108,3.05 %,9.74 %,16.5 %,10.0,0.62,2.72,0.29 %,-0.14 %,75.0 %,84.8 %,34.1 %,33.4 %,0.82 %,1.29 %,1.29 %,4.35 %,0.00 %,1.47,0.00 %,"12,556 Cr.","8,371 Cr.","10,393 Cr.",Utilities,Power,Power,Power - Transmission,"4,546","4,185","3,566","3,631",4|4.08|4.15|4.45|3.9|3.83|4.5|4.89,"40,931","36,223",15800|15008|21575|22710|23271|30739|29403|26124|40203|37290|36223|40931,83.80,85|88|87|87|77|87|88|86|87|86|85|75
Power Fin.Corpn.,https://www.screener.in/company/PFC/consolidated/,"1,43,059 Cr.",434,486 / 330,5.51,403,3.64 %,9.71 %,20.7 %,10.0,1.15,1.62,1.31 %,-0.43 %,97.2 %,96.4 %,29.1 %,28.5 %,14.1 %,17.7 %,17.7 %,17.1 %,0.00 %,7.62,0.00 %,0.00 Cr.,"5,214 Cr.","3,267 Cr.",Financial Services,Financial Services,Finance,Financial Institution,"8,598","8,212","7,834","8,981",16.8|16.07|17.66|19.14|20.81|17.4|19.07|21.21,"-4,504","-92,269",-21455|-13298|1795|-57148|-80252|-42148|-59143|4904|-74717|-97820|-92269|-4504,,
REC Ltd,https://www.screener.in/company/RECLTD/consolidated/,"89,082 Cr.",338,429 / 304,5.49,323,5.29 %,9.71 %,20.0 %,10.0,1.17,1.57,-0.67 %,0.15 %,95.7 %,96.2 %,27.4 %,28.2 %,14.7 %,13.5 %,13.5 %,14.3 %,0.00 %,6.05,0.00 %,"4,885 Cr.","4,740 Cr.","4,035 Cr.",Financial Services,Financial Services,Finance,Financial Institution,"3,375","4,052","4,415","4,466",13.14|15.33|15.48|16.37|16.96|16.77|15.39|12.82,"5,972","-39,064",-23898|-13278|6805|-32510|-35866|-32712|-43512|-819|-37360|-57723|-39064|5972,,
Adani Energy Sol,https://www.screener.in/company/ADANIENSOL/consolidated/,"1,68,786 Cr.","1,405","1,464 / 745",74.0,212,0.00 %,9.71 %,9.61 %,10.0,1.15,1.86,-1.24 %,0.10 %,29.0 %,29.7 %,8.67 %,9.38 %,27.6 %,22.0 %,19.0 %,11.3 %,0.54 %,1.93,1.54 %,0.00 Cr.,0.00 Cr.,0.00 Cr.,Utilities,Power,Power,Power Distribution,723,574,557,539,-7.39|5.62|4.68|5.39|4.27|4.44|4.6|5.69,"10,997","8,695",-35|1544|2189|2198|2591|5437|3784|4097|3777|6038|8695|10997,32.80,78|88|69|72|38|37|40|37|34|34|30|29
Cholaman.Inv.&Fn,https://www.screener.in/company/CHOLAFIN/consolidated/,"1,34,241 Cr.","1,575","1,832 / 1,299",25.7,357,0.13 %,9.70 %,19.3 %,2.00,4.65,1.49,-1.69 %,2.37 %,68.2 %,70.4 %,16.8 %,16.5 %,34.1 %,25.2 %,23.7 %,27.0 %,0.00 %,6.93,-0.47 %,170 Cr.,168 Cr.,167 Cr.,Financial Services,Financial Services,Finance,Non Banking Financial Company (NBFC),"1,645","1,290","1,160","1,138",11.27|11.52|12.94|14.98|13.53|13.78|15.28|19.31,"-30,021","-32,413",-2264|-2809|-1468|-7926|-9317|-2075|-8848|-5571|-27105|-35683|-32413|-30021,,
Jindal Steel,https://www.screener.in/company/JINDALSTEL/consolidated/,"1,23,925 Cr.","1,215","1,306 / 883",30.7,499,0.16 %,9.70 %,8.22 %,1.00,1.25,4.48,0.17 %,0.04 %,18.1 %,18.9 %,7.56 %,7.10 %,0.01 %,0.76 %,0.76 %,1.40 %,10.9 %,0.44,0.00 %,204 Cr.,202 Cr.,222 Cr.,Commodities,Metals & Mining,Ferrous Metals,Iron & Steel,"1,041",189,635,"1,496",13.14|8.44|9.32|-3.33|14.65|6.26|1.87|10.24,"7,204","10,824",1182|4333|6850|7724|9027|8814|11961|16048|7347|6008|10824|7204,21.20,28|18|22|19|18|18|38|30|19|20|19|18
Ircon Intl.,https://www.screener.in/company/IRCON/consolidated/,"13,224 Cr.",141,226 / 114,22.1,70.6,1.87 %,9.69 %,9.19 %,2.00,1.65,3.19,0.24 %,0.07 %,8.44 %,7.88 %,6.53 %,6.43 %,-4.36 %,-7.94 %,-7.94 %,9.00 %,0.00 %,0.86,0.00 %,179 Cr.,249 Cr.,247 Cr.,Industrials,Construction,Construction,Civil Construction,191,100,137,164,2.38|2.19|0.92|2.24|1.75|1.47|1.07|2.04,-618,"-1,110",502|1441|919|-2617|-1185|-136|518|1414|-278|-79|-1110|-618,8.00,23|11|11|11|10|11|9|8|7|9|8|8
GAIL (India),https://www.screener.in/company/GAIL/consolidated/,"1,10,692 Cr.",168,203 / 134,14.6,135,4.42 %,9.68 %,8.71 %,10.0,0.85,11.1,-1.03 %,0.74 %,8.13 %,10.9 %,5.35 %,7.48 %,-0.94 %,10.4 %,10.4 %,4.60 %,0.00 %,0.28,0.00 %,"3,616 Cr.","4,931 Cr.","3,978 Cr.",Energy,"Oil, Gas & Consumable Fuels",Gas,Gas Transmission/Marketing,"1,481","1,729","1,989","2,382",4.84|4.1|6.21|3.79|3.6|3|2.67|2.26,"11,249","15,735",4214|3960|6024|8769|7984|8345|8993|9420|3205|12586|15735|11249,10.20,9|9|12|14|13|12|13|16|5|11|11|8
Sundaram Finance,https://www.screener.in/company/SUNDARMFIN/consolidated/,"48,378 Cr.","4,354","5,642 / 4,200",22.9,"1,341",0.78 %,9.45 %,15.1 %,10.0,1.60,1.58,-0.16 %,0.26 %,78.3 %,80.4 %,21.6 %,21.8 %,21.3 %,16.9 %,16.9 %,12.8 %,0.00 %,4.68,-0.01 %,264 Cr.,386 Cr.,300 Cr.,Financial Services,Financial Services,Finance,Non Banking Financial Company (NBFC),554,541,488,475,39.14|39.26|41|49.77|42.77|43.94|48.73|49.88,"-5,892","-8,985",-1430|310|-965|-5547|-4200|9|450|1781|-6504|-8488|-8985|-5892,,
PNB Housing,https://www.screener.in/company/PNBHOUSING/consolidated/,"28,407 Cr.","1,090","1,142 / 730",12.4,738,0.46 %,9.40 %,12.7 %,10.0,1.35,1.59,-0.62 %,1.05 %,94.5 %,92.2 %,26.9 %,25.2 %,9.22 %,29.9 %,29.7 %,19.5 %,0.00 %,3.70,0.00 %,208 Cr.,130 Cr.,67.7 Cr.,Financial Services,Financial Services,Finance,Housing Finance Company,656,520,582,534,16.66|18.08|18.6|21.17|20.51|22.33|19.97|25.17,"-8,984","-8,057",-15664|-16617|8928|6611|6254|-1865|-4662|-8057|-8984,,
JM Financial,https://www.screener.in/company/JMFINANCIL/consolidated/,"12,745 Cr.",133,200 / 112,10.1,108,1.95 %,9.39 %,9.01 %,1.00,4.85,2.63,-0.55 %,0.12 %,52.7 %,57.8 %,17.5 %,1.36 %,5.79 %,2.01 %,1.94 %,5.80 %,0.00 %,1.10,0.17 %,258 Cr.,191 Cr.,165 Cr.,Financial Services,Financial Services,Finance,Holding Company,318,262,459,235,-2.39|1.79|2.43|2.19|2.19|4.75|2.82|3.27,"5,569","3,635",1058|-1717|-918|-2546|-3584|773|3164|969|-3203|-2307|3635|5569,61.80,60|67|73|75|75|79|73|69|65|64|58|53
Indian Renewable,https://www.screener.in/company/IREDA/,"36,323 Cr.",129,187 / 109,19.3,46.0,0.46 %,9.37 %,18.0 %,10.0,0.63,1.49,0.07 %,-0.07 %,93.0 %,98.3 %,25.2 %,25.2 %,33.2 %,38.9 %,31.6 %,18.2 %,0.00 %,5.41,0.00 %,0.00 Cr.,0.00 Cr.,0.00 Cr.,Financial Services,Financial Services,Finance,Financial Institution,585,549,247,502,1.26|1.43|1.44|1.58|1.87|0.88|1.95|2.08,"-14,461","-11,100",-5018|-1709|-3206|-5254|-12343|-11100|-14461,,
Krishna Institu.,https://www.screener.in/company/KIMS/consolidated/,"30,775 Cr.",769,798 / 576,124,56.2,0.00 %,9.29 %,11.3 %,2.00,0.76,2.70,0.24 %,-0.22 %,20.5 %,26.1 %,6.37 %,13.0 %,21.1 %,-8.61 %,-8.61 %,3.55 %,10.3 %,1.89,0.00 %,0.00 Cr.,0.00 Cr.,0.00 Cr.,Healthcare,Healthcare,Healthcare Services,Hospital,33,52,72,85,2.16|2.68|2.22|2.54|1.96|1.67|1.33|1.06,511,582,95|82|106|134|202|356|324|432|521|582|511,26.60,21|21|11|9|22|28|32|28|26|26|21
Tata Consumer,https://www.screener.in/company/TATACONSUM/consolidated/,"1,18,193 Cr.","1,194","1,283 / 1,007",77.0,220,0.85 %,9.24 %,7.35 %,1.00,1.44,16.8,-0.39 %,0.72 %,13.8 %,14.1 %,7.59 %,7.22 %,13.8 %,12.5 %,11.6 %,11.3 %,0.00 %,0.13,-0.01 %,990 Cr.,816 Cr.,777 Cr.,Fast Moving Consumer Goods,Fast Moving Consumer Goods,Agricultural Food & other Products,Tea & Coffee,424,385,407,332,2.93|3.68|2.82|3.49|3.38|4.09|3.89|4.24,"2,422","2,057",418|116|741|356|210|1082|1656|1516|1461|1937|2057|2422,14.00,10|6|12|12|11|13|13|14|13|15|14|14
HDB FINANC SER,https://www.screener.in/company/HDBFS/,"56,463 Cr.",680,892 / 555,22.2,249,0.60 %,9.15 %,13.9 %,10.0,0.92,1.50,-0.31 %,0.88 %,56.5 %,58.6 %,13.8 %,13.4 %,14.1 %,9.11 %,7.37 %,43.9 %,0.00 %,4.80,-0.03 %,332 Cr.,239 Cr.,209 Cr.,Financial Services,Financial Services,Finance,Non Banking Financial Company (NBFC),751,644,581,568,7.33|7.44|5.95|6.67|6.84|7.01|7.76|9.04,"-8,606","-13,626",-342|1987|-6851|-16736|-13626|-8606,,
Voltas,https://www.screener.in/company/VOLTAS/consolidated/,"42,266 Cr.","1,277","1,582 / 1,187",107,193,0.55 %,9.04 %,6.10 %,1.00,1.37,7.73,0.03 %,0.54 %,3.62 %,6.42 %,2.72 %,5.34 %,14.5 %,17.5 %,17.5 %,-5.60 %,0.00 %,0.16,0.00 %,132 Cr.,232 Cr.,174 Cr.,Consumer Discretionary,Consumer Durables,Consumer Durables,Household Appliances,113,84,32,141,10.1|4.05|3.99|7.28|4.24|1.04|2.57|3.51,71,-224,311|219|428|325|-321|462|556|584|159|762|-224|71,5.00,8|6|9|10|8|8|8|7|5|3|6|4
Jubilant Pharmo,https://www.screener.in/company/JUBLPHARMA/consolidated/,"15,709 Cr.",986,"1,250 / 784",36.0,445,0.50 %,8.99 %,6.55 %,1.00,1.62,4.18,-0.06 %,0.40 %,15.2 %,16.2 %,5.26 %,7.67 %,9.64 %,47.1 %,47.1 %,-12.6 %,5.40 %,0.51,0.00 %,79.0 Cr.,79.0 Cr.,79.2 Cr.,Healthcare,Healthcare,Pharmaceuticals & Biotechnology,Pharmaceuticals,119,56,120,102,30.26|6.45|6.33|9.64|6.46|7.55|3.51|7.5,"1,227","1,072",783|1099|1268|1303|1122|1543|1784|838|661|971|1072|1227,15.00,11|22|23|20|19|26|23|19|12|13|16|15
ACME Solar Hold.,https://www.screener.in/company/ACMESOLAR/consolidated/,"18,376 Cr.",303,324 / 196,36.9,83.5,0.07 %,8.89 %,10.4 %,2.00,2.17,1.60,-0.43 %,0.18 %,88.0 %,88.0 %,24.5 %,19.0 %,16.0 %,149 %,63.0 %,24.8 %,0.00 %,3.93,0.00 %,12.1 Cr.,12.1 Cr.,4.84 Cr.,Utilities,Power,Power,Power Generation,138,114,115,131,0.03|0.29|1.85|2.04|2.16|1.9|1.88|2.3,"1,249","1,543",922|1746|955|1263|1434|1543|1249,86.60,93|92|83|91|83|88|88
Vardhman Textile,https://www.screener.in/company/VTL/consolidated/,"17,483 Cr.",604,647 / 383,23.5,363,0.82 %,8.86 %,7.30 %,2.00,4.15,11.3,-0.03 %,-0.33 %,12.6 %,12.9 %,7.63 %,8.72 %,-0.89 %,-2.01 %,-2.03 %,12.4 %,0.00 %,0.18,0.65 %,142 Cr.,142 Cr.,293 Cr.,Consumer Discretionary,Textiles,Textiles & Apparels,Other Textile Products,189,168,188,208,8.25|6.81|7.28|8.21|7.16|6.47|5.75|6.39,"1,108","1,644",1412|915|1350|103|499|849|168|1445|1853|-1055|1644|1108,14.60,17|20|20|14|17|14|13|24|13|10|13|13
Godrej Industrie,https://www.screener.in/company/GODREJIND/consolidated/,"38,685 Cr.","1,149","1,392 / 744",30.6,332,0.00 %,8.84 %,11.9 %,1.00,1.09,2.40,-0.39 %,0.18 %,10.1 %,10.7 %,11.1 %,8.42 %,9.93 %,14.3 %,14.2 %,32.1 %,0.00 %,4.61,0.00 %,0.00 Cr.,0.00 Cr.,0.00 Cr.,Diversified,Diversified,Diversified,Diversified,841,353,493,725,9.58|8.54|5.59|5.44|10.37|7.2|6.07|13.19,"-8,855","-5,151",-1050|199|569|1689|1240|392|-672|-1756|-4409|-4284|-5151|-8855,8.80,5|5|8|3|6|7|3|7|9|7|11|10
Bajaj Housing,https://www.screener.in/company/BAJAJHFL/,"70,966 Cr.",85.2,128 / 72.6,27.7,27.0,0.00 %,8.84 %,12.1 %,10.0,0.77,1.49,0.05 %,-0.21 %,90.9 %,91.8 %,23.1 %,22.6 %,25.3 %,26.9 %,18.1 %,27.1 %,0.00 %,4.60,0.00 %,0.00 Cr.,0.00 Cr.,0.00 Cr.,Financial Services,Financial Services,Finance,Housing Finance Company,669,665,643,583,0.62|0.66|0.66|0.7|0.7|0.77|0.8|0.8,"-19,895","-17,075",-1024|-5076|-12481|-14332|-14600|-17075|-19895,,
Exide Inds.,https://www.screener.in/company/EXIDEIND/consolidated/,"30,175 Cr.",355,431 / 287,35.0,164,0.58 %,8.79 %,6.19 %,1.00,1.22,11.2,-0.61 %,0.42 %,10.4 %,10.5 %,4.82 %,4.49 %,6.07 %,2.87 %,2.87 %,1.23 %,0.00 %,0.11,0.00 %,170 Cr.,170 Cr.,170 Cr.,Consumer Discretionary,Automobile and Auto Components,Auto Components,Auto Components & Equipments,217,195,174,275,2.59|2.72|1.84|2.2|3.21|2.02|2.28|2.53,"2,413","1,273",180|1583|937|914|1687|1619|2263|61|768|1531|1273|2413,10.60,10|13|12|11|11|10|13|11|11|11|10|10
M & M Fin. Serv.,https://www.screener.in/company/M&MFIN/consolidated/,"42,755 Cr.",308,412 / 246,14.4,192,2.42 %,8.72 %,12.3 %,2.00,2.76,1.44,0.29 %,-0.25 %,62.5 %,63.1 %,14.1 %,12.2 %,17.9 %,11.8 %,11.8 %,34.7 %,0.00 %,4.82,0.00 %,"1,042 Cr.",803 Cr.,761 Cr.,Financial Services,Financial Services,Finance,Non Banking Financial Company (NBFC),940,826,566,529,3.58|2.8|6.6|3.29|3.8|4.06|5.93|6.75,"-12,772","-15,602",-3970|-4957|-6467|-8510|-12078|-3115|5826|18|-17395|-18449|-15602|-12772,,
Aditya Birla Cap,https://www.screener.in/company/ABCAPITAL/consolidated/,"95,463 Cr.",364,376 / 217,25.1,131,0.00 %,8.72 %,11.7 %,10.0,0.44,1.46,1.86 %,-0.96 %,36.7 %,35.1 %,8.58 %,8.27 %,14.7 %,-7.44 %,-9.88 %,25.5 %,0.00 %,5.22,-0.07 %,0.00 Cr.,0.00 Cr.,0.00 Cr.,Financial Services,Financial Services,Finance,Investment Company,"1,165",966,882,851,2.92|3.84|2.72|3.32|3.2|3.27|3.61|4.31,"-36,544","-27,935",0|-8697|-7570|-11894|-10256|4271|64|-5070|-24029|-24100|-27935|-36544,,
Leela Palaces Hotels,https://www.screener.in/company/THELEELA/consolidated/,"14,025 Cr.",420,475 / 381,34.3,192,0.00 %,8.72 %,8.20 %,10.0,1.02,3.43,-0.40 %,-0.07 %,48.5 %,45.8 %,26.7 %,3.68 %,21.1 %,106 %,%,%,0.00 %,0.28,0.00 %,0.00 Cr.,0.00 Cr.,Cr.,Consumer Discretionary,Consumer Services,Leisure Services,Hotels & Resorts,172,148,75,9,4.25|0.26|2.24|4.43|5.14,777,553,318|539|553|777,46.25,44|47|46|48
Altius Telecom,https://www.screener.in/company/543225/consolidated/,"51,501 Cr.",169,171 / 140,46.1,37.6,6.94 %,8.66 %,8.42 %,150,0.82,1.31,%,%,41.2 %,40.4 %,4.62 %,4.17 %,29.6 %,17.1 %,11.1 %,24.0 %,%,4.59,%,"5,127 Cr.",0.00 Cr.,"1,025 Cr.",Telecommunication,Telecommunication,Telecom - Services,Telecom - Infrastructure,310,290,280,227,0.93|0.69|0.72|0.55|0.74|0.92|0.95|1.02,"9,851","7,066",3006|271|3209|4356|5832|7066|9851,38.40,38|37|35|38|38|40|41
F A C T,https://www.screener.in/company/FACT/consolidated/,"58,560 Cr.",905,"1,112 / 652","3,954",21.2,0.02 %,8.65 %,1.61 %,10.0,0.91,1.11,0.00 %,0.01 %,2.34 %,7.08 %,0.54 %,7.35 %,-2.90 %,-63.0 %,-63.0 %,44.6 %,0.00 %,2.79,0.00 %,25.2 Cr.,62.8 Cr.,30.5 Cr.,Commodities,Chemicals,Fertilizers & Agrochemicals,Fertilizers,-68,21,4,71,-0.95|-0.75|0.17|0.12|1.09|0.07|0.32|-1.05,140,280,192|-237|31|224|-410|256|1021|152|638|280|140,10.20,-9|-13|2|9|0|10|17|13|12|7|2
LIC Housing Fin.,https://www.screener.in/company/LICHSGFIN/consolidated/,"29,753 Cr.",541,647 / 459,5.31,753,1.82 %,8.59 %,14.4 %,2.00,0.40,1.36,1.03 %,-0.92 %,93.6 %,94.3 %,19.4 %,19.4 %,8.28 %,24.7 %,24.7 %,13.4 %,0.00 %,6.70,0.00 %,0.00 Cr.,550 Cr.,396 Cr.,Financial Services,Financial Services,Finance,Housing Finance Company,"1,493","1,398","1,349","1,364",23.75|24.14|26.09|24.97|24.8|24.53|25.42|27.13,"-8,504","-16,609",-14345|-13039|-14273|-18977|-21538|-14738|-17140|-16729|-19632|-7151|-16609|-8504,,
Tata Capital,https://www.screener.in/company/TATACAP/consolidated/,"1,34,223 Cr.",316,368 / 297,27.5,108,0.00 %,8.58 %,12.3 %,10.0,1.21,1.41,0.25 %,0.27 %,73.2 %,71.6 %,15.6 %,12.9 %,32.3 %,17.2 %,10.5 %,29.1 %,0.00 %,5.15,0.00 %,240 Cr.,158 Cr.,121 Cr.,Financial Services,Financial Services,Finance,Non Banking Financial Company (NBFC),"1,466","1,265","1,119","1,041",2.87|2.87|2.77|2.48|2.72|2.96|3.54,"-37,965","-29,872",3137|-14387|-23190|-37999|-29872|-37965,,
Star Health Insu,https://www.screener.in/company/STARHEALTH/,"31,185 Cr.",530,587 / 413,56.0,163,0.00 %,8.57 %,6.70 %,10.0,0.48,,0.99 %,-0.65 %,4.18 %,5.72 %,3.12 %,3.91 %,13.8 %,-3.45 %,-3.82 %,19.9 %,0.00 %,0.05,0.00 %,0.00 Cr.,0.00 Cr.,0.00 Cr.,Financial Services,Financial Services,Insurance,General Insurance,111,128,55,263,5.45|1.89|3.66|0.01|4.47|0.93|2.18|1.89,,"1,379",321|557|776|647|890|56|1276|1310|1379,2.40,-11|10|7|7|6|9|-28|-13|7|8|6|4
B H E L,https://www.screener.in/company/BHEL/consolidated/,"1,45,307 Cr.",417,421 / 205,90.8,75.1,0.12 %,8.51 %,6.29 %,2.00,1.59,3.83,0.95 %,4.23 %,6.93 %,4.94 %,4.74 %,1.84 %,13.1 %,36.5 %,36.5 %,21.0 %,0.00 %,0.31,-5.00 %,487 Cr.,174 Cr.,205 Cr.,Industrials,Capital Goods,Electrical Equipment,Heavy Electrical Equipment,"1,290",390,375,-456,-0.61|0.3|0.39|1.45|-1.31|1.08|1.12|3.71,"5,837","2,192",821|374|560|989|-3860|-2892|560|660|-741|-3713|2192|5837,4.60,7|-5|4|6|7|-1|-18|4|4|3|5|7
Lenskart Solut.,https://www.screener.in/company/LENSKART/consolidated/,"89,113 Cr.",513,560 / 356,177,50.3,0.00 %,8.44 %,6.86 %,2.00,2.26,4.90,0.40 %,-0.38 %,19.8 %,14.7 %,5.79 %,3.73 %,32.5 %,115 %,32.9 %,-5.22 %,0.00 %,0.35,-0.02 %,0.00 Cr.,0.00 Cr.,0.00 Cr.,Consumer Discretionary,Consumer Services,Retailing,Speciality Retail,204,133,103,61,11.08|0.02|2.84|0.78|1.24|0.76|1.15,"1,670","1,231",-117|-183|95|487|1231|1670,9.40,-5|-8|7|13|15|20
H U D C O,https://www.screener.in/company/HUDCO/consolidated/,"41,379 Cr.",207,254 / 159,10.3,110,2.18 %,8.41 %,20.2 %,10.0,1.07,1.36,0.25 %,-0.43 %,91.2 %,100 %,30.7 %,26.2 %,22.9 %,33.4 %,33.4 %,20.6 %,0.00 %,6.45,0.00 %,0.00 Cr.,831 Cr.,627 Cr.,Financial Services,Financial Services,Finance,Financial Institution,"1,981",713,710,630,2.79|3.44|3.67|3.64|3.15|3.55|3.56|9.9,"-33,912","-31,603",-182|-4965|-2598|-7830|-23400|-1336|2161|-806|-851|-10287|-31603|-33912,,
L&T Finance Ltd,https://www.screener.in/company/LTF/consolidated/,"70,403 Cr.",281,329 / 169,23.5,112,0.97 %,8.40 %,11.2 %,10.0,2.76,1.60,0.98 %,-0.42 %,61.2 %,60.4 %,16.8 %,16.6 %,11.9 %,256 %,255 %,32.0 %,0.00 %,3.94,-0.04 %,689 Cr.,686 Cr.,523 Cr.,Financial Services,Financial Services,Finance,Non Banking Financial Company (NBFC),809,738,735,701,2.75|2.79|2.51|2.55|2.81|2.94|2.95|3.22,"-14,189","-16,587",-6474|-9213|-5779|-15640|-11643|2162|5464|6078|6718|686|-16587|-14189,,
Cohance Life,https://www.screener.in/company/COHANCE/consolidated/,"16,655 Cr.",435,"1,121 / 267",84.4,102,0.00 %,8.35 %,7.04 %,1.00,2.78,7.35,-0.42 %,0.22 %,18.8 %,31.3 %,7.42 %,19.6 %,19.2 %,-21.0 %,-31.0 %,-18.2 %,0.00 %,0.10,0.00 %,0.00 Cr.,0.00 Cr.,56.0 Cr.,Healthcare,Healthcare,Pharmaceuticals & Biotechnology,Pharmaceuticals,8.31,29.02,66.39,46.40,2.96|5.44|6.01|4.73|1.28|1.94|0.96|0.51,368,288,50|407|383|330|457|358|288|368,35.20,45|46|44|44|43|39|31|19
Canara HSBC,https://www.screener.in/company/CANHLIFE/,"13,295 Cr.",140,159 / 106,105,16.9,0.00 %,8.35 %,8.11 %,10.0,1.36,,1.10 %,-1.06 %,0.59 %,1.22 %,1.10 %,1.09 %,11.1 %,11.6 %,11.6 %,6.00 %,0.00 %,0.16,0.00 %,0.00 Cr.,38.0 Cr.,26.6 Cr.,Financial Services,Financial Services,Insurance,Life Insurance,35,28,41,23,0.39|0.31|0.34|0.25|0.43|0.29|0.37,"3,534","1,208",2340|1998|2592|2310|1208|3534,0.00,0|-1|-3|0|1|1|1
NTPC,https://www.screener.in/company/NTPC/consolidated/,"3,78,121 Cr.",390,414 / 316,14.0,210,2.14 %,8.33 %,14.0 %,10.0,0.83,2.79,0.30 %,-0.06 %,28.2 %,28.9 %,14.7 %,12.3 %,2.07 %,16.8 %,16.8 %,11.9 %,0.00 %,1.33,0.00 %,"8,727 Cr.","8,097 Cr.","7,631 Cr.",Utilities,Power,Power,Power Generation,"10,615","5,597","5,225","6,108",5.65|5.44|5.22|7.85|6.2|5.23|5.66|10.81,"50,902","50,436",14889|24125|20167|19670|18686|24583|32444|41788|47152|40099|50436|50902,28.60,22|25|26|26|23|29|31|30|27|29|29|28
JSW Energy,https://www.screener.in/company/JSWENERGY/consolidated/,"1,01,158 Cr.",576,588 / 428,44.3,175,0.36 %,8.29 %,7.86 %,10.0,0.76,1.35,0.24 %,-0.10 %,53.2 %,44.4 %,14.9 %,15.4 %,22.3 %,20.6 %,18.0 %,22.4 %,13.0 %,2.50,0.15 %,351 Cr.,349 Cr.,337 Cr.,Utilities,Power,Power,Power Generation,574,529,824,836,2.99|4.88|0.96|2.33|4.25|4.03|2.4|2.11,"9,898","3,838",3394|3538|3853|3934|2491|2082|3700|2952|2084|6234|3838|9898,44.00,39|41|40|34|31|36|42|44|32|47|44|53
Godrej Propert.,https://www.screener.in/company/GODREJPROP/consolidated/,"53,032 Cr.","1,761","2,506 / 1,434",28.5,636,0.57 %,8.28 %,10.2 %,5.00,1.27,19.8,-1.98 %,-2.59 %,-8.83 %,-1.51 %,36.2 %,24.7 %,31.6 %,56.9 %,52.8 %,57.8 %,0.00 %,0.83,4.49 %,301 Cr.,0.00 Cr.,60.2 Cr.,Consumer Discretionary,Realty,Realty,"Residential, Commercial Projects",645,194,403,598,18.7|12.06|5.4|12.68|19.92|13.45|6.48|21.58,"-2,003","-2,242",-941|490|-566|1155|478|-232|-671|-452|-2861|-693|-2242|-2003,-1.80,14|6|16|-13|6|11|-59|-3|9|-4|-2|-9
Manappuram Fin.,https://www.screener.in/company/MANAPPURAM/consolidated/,"27,755 Cr.",328,334 / 230,27.6,190,1.05 %,8.26 %,7.04 %,2.00,13.1,1.34,-5.55 %,1.81 %,56.2 %,54.4 %,10.4 %,12.0 %,12.4 %,-12.5 %,-12.5 %,-10.3 %,0.00 %,3.60,-3.48 %,235 Cr.,339 Cr.,272 Cr.,Financial Services,Financial Services,Finance,Non Banking Financial Company (NBFC),405,239,217,132,6.55|6.74|3.33|-2.26|1.63|2.6|2.85|4.77,"-20,238",-467,-888|-1042|-1271|-33|-1661|-3620|-619|-423|-3103|-3450|-467|-20238,,
Grasim Inds,https://www.screener.in/company/GRASIM/consolidated/,"2,15,246 Cr.","3,163","3,198 / 2,502",42.4,"1,520",0.32 %,8.07 %,5.05 %,2.00,0.95,1.98,0.42 %,-0.71 %,20.7 %,19.0 %,6.00 %,5.19 %,14.2 %,-9.41 %,-9.41 %,2.65 %,0.00 %,2.20,0.52 %,681 Cr.,681 Cr.,668 Cr.,Commodities,Construction Materials,Cement & Cement Products,Cement & Cement Products,"3,802","2,233","1,498","2,767",16.33|4.78|12.45|21.98|20.85|8.13|15.23|28.77,"-17,810","-17,170",4594|5868|7288|-4140|-1659|16620|15075|7038|-12685|-10719|-17170|-17810,20.00,16|17|20|21|22|15|24|21|18|21|19|21
Dalmia BharatLtd,https://www.screener.in/company/DALBHARAT/consolidated/,"33,627 Cr.","1,793","2,496 / 1,675",29.0,959,0.49 %,8.03 %,6.56 %,2.00,1.55,4.08,-0.77 %,1.26 %,20.8 %,17.2 %,7.96 %,5.13 %,2.99 %,1.66 %,1.65 %,-0.29 %,0.00 %,0.41,0.00 %,95.0 Cr.,171 Cr.,154 Cr.,Commodities,Construction Materials,Cement & Cement Products,Cement & Cement Products,394,128,239,395,7.52|2.45|3.25|23.19|20.95|12.58|6.5|20.63,"2,278","2,117",1875|1606|1843|2340|3604|1932|2252|2635|2117|2278,19.00,25|24|20|22|27|22|17|18|17|21
Prime Focus,https://www.screener.in/company/PFOCUS/consolidated/,"18,469 Cr.",238,367 / 100,70.2,22.4,0.00 %,7.95 %,-16.7 %,1.00,0.66,1.79,0.32 %,0.02 %,21.9 %,6.41 %,-3.59 %,-13.9 %,2.06 %,%,%,-5.74 %,0.00 %,3.02,0.00 %,0.00 Cr.,0.00 Cr.,0.00 Cr.,Consumer Discretionary,"Media, Entertainment & Publication",Entertainment,Media & Entertainment,69,4,110,-252,-2.01|-3.98|1.11|-2.01|-7.7|2|0.05|0.91,295,-32,26|213|30|291|201|120|522|328|183|254|-32|295,19.20,19|15|15|19|18|14|14|23|24|21|6|22
IndiGrid Trust,https://www.screener.in/company/INDIGRID/consolidated/,"19,461 Cr.",171,178 / 146,49.4,63.8,12.8 %,7.94 %,7.02 %,136,0.78,1.27,%,%,64.2 %,87.9 %,8.37 %,10.8 %,26.9 %,-2.17 %,-11.7 %,-3.01 %,0.00 %,3.52,-0.04 %,0.00 Cr.,342 Cr.,334 Cr.,Utilities,Power,Power,Power - Transmission,185,100,39,75,1.71|1.22|0.66|1.36|0.87|0.52|1.12|1.91,"3,377","2,902",433|580|1125|1680|2081|2037|2663|2902|3377,83.60,91|84|96|85|91|90|85|88|64
S A I L,https://www.screener.in/company/SAIL/consolidated/,"83,953 Cr.",203,210 / 118,21.9,146,0.79 %,7.79 %,6.43 %,10.0,0.82,3.40,0.47 %,0.56 %,10.8 %,10.4 %,3.46 %,2.57 %,1.99 %,25.4 %,25.4 %,-1.50 %,0.00 %,0.53,0.00 %,971 Cr.,661 Cr.,"1,338 Cr.",Commodities,Metals & Mining,Ferrous Metals,Iron & Steel,"1,835",374,419,745,0.2|2.17|0.34|3.03|1.8|1.01|0.91|4.44,"19,039","9,914",2579|4043|2160|6164|7215|-618|23430|30987|-5290|2911|9914|19039,12.20,10|-7|0|8|15|17|18|21|8|11|10|11
Sterlite Tech.,https://www.screener.in/company/STLTECH/consolidated/,"23,753 Cr.",487,487 / 69.8,499,46.5,0.00 %,7.75 %,2.24 %,2.00,0.98,1.41,0.54 %,-0.20 %,12.0 %,10.4 %,1.00 %,-3.15 %,-11.8 %,-30.5 %,-35.0 %,-32.4 %,0.00 %,0.86,0.00 %,0.00 Cr.,0.00 Cr.,12.0 Cr.,Telecommunication,Telecommunication,Telecom -  Equipment & Accessories,Telecom -  Equipment & Accessories,59,-17,4,10,-0.98|-0.29|-0.49|-0.82|0.2|0.08|-0.35|1.21,522,348,393|215|488|729|631|696|638|584|228|791|348|522,11.80,15|21|21|23|22|21|17|12|13|12|10|12
PTC Industries,https://www.screener.in/company/PTCIL/consolidated/,"24,670 Cr.","16,455","19,440 / 13,251",370,945,0.00 %,7.74 %,6.07 %,10.0,4.92,12.4,0.09 %,0.76 %,24.4 %,28.3 %,20.0 %,16.5 %,19.8 %,64.0 %,56.8 %,99.4 %,0.00 %,0.13,0.00 %,0.00 Cr.,0.00 Cr.,0.00 Cr.,Industrials,Capital Goods,Industrial Products,Other Industrial Products,18,18,5,25,10.19|3.39|11.56|9.5|16.4|3.44|12.11|12.24,14,-96,12|27|13|14|11|4|25|47|-96|14,24.80,17|16|17|14|15|20|21|24|27|28|24
AU Small Finance,https://www.screener.in/company/AUBANK/,"75,978 Cr.","1,015","1,080 / 682",28.8,264,0.10 %,7.66 %,14.3 %,10.0,2.13,1.36,0.82 %,0.03 %,53.8 %,53.4 %,14.2 %,13.1 %,31.4 %,22.7 %,18.1 %,13.5 %,0.00 %,8.44,-0.03 %,0.00 Cr.,74.4 Cr.,47.9 Cr.,Financial Services,Financial Services,Banks,Other Bank,832,668,561,581,6.76|7.68|7.1|6.77|7.79|7.52|8.94|11.12,"1,829","5,462",-747|-1938|-2405|2505|848|660|5056|6849|5494|2608|5462|1829,,
Karur Vysya Bank,https://www.screener.in/company/KARURVYSYA/,"28,328 Cr.",293,344 / 182,11.3,146,0.74 %,7.64 %,19.3 %,2.00,2.11,1.54,2.38 %,-0.94 %,66.6 %,65.0 %,22.7 %,20.0 %,19.3 %,31.4 %,31.3 %,47.3 %,3.85 %,8.38,-0.04 %,251 Cr.,209 Cr.,188 Cr.,Financial Services,Financial Services,Banks,Private Sector Bank,725,690,574,521,4.75|4.9|5.14|5.31|5.4|5.94|7.14|7.5,-554,"4,487",-309|580|1611|-550|-1576|2504|3366|295|1217|2954|4487|-554,,
Mindspace Busine,https://www.screener.in/company/MINDSPACE/consolidated/,"30,624 Cr.",463,512 / 389,45.3,232,9.14 %,7.64 %,4.65 %,485,0.39,2.46,%,%,75.8 %,72.2 %,22.4 %,19.4 %,11.9 %,26.4 %,22.8 %,15.1 %,47.6 %,0.86,0.00 %,795 Cr.,"1,323 Cr.","1,096 Cr.",Consumer Discretionary,Realty,Realty,Real Estate Investment Trusts (REITs),209,192,127,167,2.16|2.12|2.29|1.43|2.57|1.91|2.96|3.06,"2,414","2,017",934|0|798|1162|1393|1527|2017|2414,73.00,71|74|78|67|72|72|76
Wockhardt,https://www.screener.in/company/WOCKPHARMA/consolidated/,"27,867 Cr.","1,715","1,870 / 1,087",98.1,304,0.00 %,7.55 %,6.11 %,5.00,1.66,2.52,0.09 %,0.41 %,19.3 %,13.0 %,8.01 %,-1.89 %,8.36 %,43.4 %,41.6 %,-21.2 %,18.8 %,0.45,0.01 %,0.00 Cr.,0.00 Cr.,0.00 Cr.,Healthcare,Healthcare,Pharmaceuticals & Biotechnology,Pharmaceuticals,164,61,82,-108,-0.91|-1.43|0.86|-1.54|-5.54|4.8|3.63|10.22,390,-22,355|-42|-269|68|183|649|-287|413|153|219|-22|390,9.60,16|11|0|0|-1|4|-2|9|4|3|13|19
Poonawalla Fin,https://www.screener.in/company/POONAWALLA/consolidated/,"35,257 Cr.",400,570 / 361,65.1,127,0.00 %,7.50 %,5.85 %,2.00,0.83,1.26,0.64 %,4.45 %,52.7 %,33.7 %,7.98 %,-2.49 %,46.1 %,4.66 %,2.70 %,18.4 %,0.00 %,4.68,-4.92 %,0.00 Cr.,0.00 Cr.,67.7 Cr.,Financial Services,Financial Services,Finance,Non Banking Financial Company (NBFC),255,150,74,63,3.76|-6.06|0.24|0.8|0.8|0.91|1.85|3.13,"-21,786","-10,569",-305|733|2949|390|-923|998|1644|-2873|-5064|-7556|-10569|-21786,,
IRB Infra.Devl.,https://www.screener.in/company/IRB/consolidated/,"26,270 Cr.",21.8,27.2 / 18.5,29.8,17.3,0.70 %,7.48 %,4.31 %,1.00,1.24,1.74,0.52 %,0.05 %,52.1 %,45.6 %,11.5 %,13.0 %,6.11 %,7.67 %,7.67 %,34.6 %,0.04 %,0.96,0.37 %,30.2 Cr.,181 Cr.,103 Cr.,Industrials,Construction,Construction,Civil Construction,296,211,141,202,0.12|0.08|4.99|0.18|0.17|0.12|0.17|0.25,"2,098","1,971",1823|2340|3192|2132|2710|3709|867|364|1764|4054|1971|2098,46.40,58|52|52|47|44|43|44|44|49|41|46|52
Anupam Rasayan,https://www.screener.in/company/ANURAS/consolidated/,"15,754 Cr.","1,384","1,415 / 976",92.6,293,0.05 %,7.36 %,5.50 %,10.0,1.43,2.71,-0.69 %,-0.06 %,22.2 %,27.9 %,9.39 %,11.1 %,13.9 %,-2.02 %,-3.88 %,16.2 %,17.1 %,0.56,0.00 %,0.00 Cr.,8.24 Cr.,11.8 Cr.,Commodities,Chemicals,Chemicals & Petrochemicals,Specialty Chemicals,56,61,57,48,0.36|1.52|2.56|4.05|3.1|3.9|4.31|3.75,334,-30,39|95|1|-171|292|59|-30|334,26.20,19|25|24|28|27|26|28|22
ICICI Bank,https://www.screener.in/company/ICICIBANK/consolidated/,"9,24,076 Cr.","1,289","1,500 / 1,188",17.0,503,0.85 %,7.20 %,16.1 %,2.00,2.03,1.87,-9.39 %,-6.80 %,25.2 %,30.2 %,29.7 %,29.3 %,17.3 %,16.8 %,15.8 %,23.3 %,0.00 %,5.69,0.00 %,"8,593 Cr.","7,835 Cr.","6,503 Cr.",Financial Services,Financial Services,Banks,Private Sector Bank,"15,681","13,481","14,318","14,456",16.62|18.38|18.25|18.96|19|18.7|17.53|20.61,"67,325","122,805",-12273|23645|52636|19383|48671|79565|138015|58111|-3771|157284|122805|67325,,
HDFC Bank,https://www.screener.in/company/HDFCBANK/consolidated/,"12,06,534 Cr.",784,"1,020 / 727",15.9,378,1.65 %,7.04 %,13.8 %,1.00,2.22,1.55,-3.62 %,3.14 %,40.4 %,44.4 %,22.7 %,21.8 %,26.9 %,18.3 %,6.27 %,11.4 %,0.00 %,6.34,0.00 %,"23,860 Cr.","16,835 Cr.","14,941 Cr.",Financial Services,Financial Services,Banks,Private Sector Bank,"21,074","20,691","20,364","17,090",10.83|11.68|11.54|12.31|10.6|12.76|12.87|13.22,"113,506","127,242",-21281|-34435|17282|17214|-62872|-16869|42476|-11960|20814|19069|127242|113506,,
Adani Green,https://www.screener.in/company/ADANIGREEN/consolidated/,"2,38,042 Cr.","1,445","1,472 / 765",131,121,0.00 %,7.02 %,11.3 %,10.0,0.57,1.28,-0.32 %,0.25 %,83.3 %,79.3 %,16.9 %,20.6 %,18.5 %,16.9 %,15.4 %,42.3 %,0.00 %,5.19,0.00 %,0.00 Cr.,0.00 Cr.,0.00 Cr.,Utilities,Power,Power,Power Generation,514,5,644,824,2.82|1.74|3.11|1.45|4.39|3.54|-0.25|2.41,"10,135","8,364",28|649|1625|1965|1601|3127|7265|7713|8364|10135,74.80,48|80|57|74|57|72|68|64|80|79|83
Aegis Vopak Term,https://www.screener.in/company/AEGISVOPAK/consolidated/,"23,168 Cr.",209,302 / 158,113,42.8,0.00 %,7.01 %,8.73 %,10.0,1.04,3.28,-0.14 %,-0.09 %,73.7 %,70.8 %,20.5 %,15.4 %,%,392 %,27.2 %,%,0.00 %,0.42,0.00 %,0.00 Cr.,32.9 Cr.,Cr.,Energy,"Oil, Gas & Consumable Fuels",Oil,Oil Storage & Transportation,62,54,48,41,234.36|0.23|0.38|0.42|0.43|0.49|0.56,478,337,0|172|337|478,70.00,65|71|74
JP Power Ven.,https://www.screener.in/company/JPPOWER/consolidated/,"13,207 Cr.",19.3,27.7 / 13.1,29.3,18.6,0.00 %,6.97 %,3.60 %,10.0,2.70,2.99,0.07 %,0.00 %,24.6 %,34.0 %,8.10 %,14.9 %,-1.30 %,96.8 %,96.8 %,20.2 %,73.0 %,0.27,0.00 %,0.00 Cr.,0.00 Cr.,0.00 Cr.,Utilities,Power,Power,Power Generation,-13,4,182,278,0.51|0.27|0.18|0.23|0.41|0.27|0.01|-0.02,"1,301","1,714",2676|2816|1413|1782|1178|1028|813|845|767|1927|1714|1301,27.00,67|62|37|31|33|27|35|24|19|33|34|25
Kotak Mah. Bank,https://www.screener.in/company/KOTAKBANK/consolidated/,"3,85,823 Cr.",388,453 / 345,20.3,182,0.13 %,6.93 %,11.2 %,1.00,2.26,1.87,-2.96 %,3.31 %,25.0 %,25.6 %,27.2 %,33.6 %,18.3 %,8.43 %,8.38 %,13.7 %,0.00 %,3.66,0.00 %,647 Cr.,497 Cr.,411 Cr.,Financial Services,Financial Services,Banks,Private Sector Bank,"5,423","4,924","4,468","4,472",7.49|5.07|4.73|4.96|4.5|4.49|4.95|5.45,"41,727","16,916",2302|5025|13222|-10392|1822|46619|4881|8308|-1242|15685|16916|41727,,
GMR Airports,https://www.screener.in/company/GMRAIRPORT/consolidated/,"1,01,514 Cr.",96.1,110 / 79.3,,-2.59,0.00 %,6.92 %,%,1.00,0.79,1.03,1.21 %,0.34 %,36.2 %,33.9 %,-13.6 %,-10.7 %,31.3 %,-12.2 %,7.53 %,12.3 %,15.5 %,,0.09 %,0.00 Cr.,0.00 Cr.,0.00 Cr.,Services,Services,Transport Infrastructure,Airport & Airport services,174,35,-137,-253,-0.2|-0.23|-0.27|0.25|-0.23|-0.2|-0.04|0.12,"3,443","3,880",2590|2915|3498|4504|2347|2052|1376|3|3256|2199|3880|3443,34.20,24|23|6|33|18|20|26|25|50|26|34|36
LMW,https://www.screener.in/company/LMW/consolidated/,"16,559 Cr.","15,500","17,700 / 11,729",118,"2,683",0.20 %,6.91 %,4.97 %,10.0,2.30,,0.07 %,-0.22 %,5.28 %,4.71 %,4.37 %,2.76 %,-12.1 %,-26.7 %,-26.7 %,20.6 %,0.00 %,0.00,0.00 %,37.4 Cr.,32.0 Cr.,59.5 Cr.,Industrials,Capital Goods,Industrial Manufacturing,Industrial Products,64,15,41,11,10.32|22.9|18.07|44.76|10.74|38.3|13.72|59.62,177,29,131|81|137|211|99|74|157|485|364|141|29|177,7.40,12|12|10|10|10|1|4|8|10|9|5|5
Sobha,https://www.screener.in/company/SOBHA/consolidated/,"14,971 Cr.","1,400","1,732 / 1,130",77.4,441,0.22 %,6.90 %,4.17 %,10.0,1.14,2.89,-0.03 %,0.32 %,5.97 %,7.29 %,3.73 %,2.34 %,16.2 %,22.9 %,23.0 %,25.5 %,0.00 %,0.22,0.00 %,64.2 Cr.,32.1 Cr.,36.3 Cr.,Consumer Discretionary,Realty,Realty,"Residential, Commercial Projects",92,15,73,14,0.57|2.44|2.03|3.82|1.27|6.78|1.44|8.59,430,200,-216|388|354|353|206|294|613|826|1150|647|200|430,10.80,25|23|19|19|20|30|32|21|11|9|7|6
Aarti Industries,https://www.screener.in/company/AARTIIND/consolidated/,"17,820 Cr.",491,523 / 338,43.3,164,0.21 %,6.85 %,7.13 %,5.00,0.83,2.05,0.68 %,1.90 %,14.1 %,13.8 %,4.97 %,4.52 %,7.78 %,-8.91 %,-8.91 %,-5.43 %,3.57 %,0.83,-0.05 %,36.2 Cr.,36.2 Cr.,65.2 Cr.,Commodities,Chemicals,Chemicals & Petrochemicals,Specialty Chemicals,137,133,106,43,3.78|1.43|1.27|2.65|1.19|2.92|3.67|3.78,775,"1,242",340|574|470|335|736|1102|873|519|1319|1210|1242|775,17.40,16|19|21|18|23|23|22|28|16|15|14|14
City Union Bank,https://www.screener.in/company/CUB/,"18,908 Cr.",254,324 / 184,14.3,142,0.79 %,6.74 %,13.2 %,1.00,4.14,1.41,-0.12 %,0.50 %,68.0 %,70.6 %,19.3 %,19.3 %,13.4 %,12.3 %,12.1 %,17.4 %,0.00 %,7.92,0.00 %,149 Cr.,148 Cr.,111 Cr.,Financial Services,Financial Services,Banks,Private Sector Bank,360,332,329,306,3.57|3.85|3.86|3.89|4.13|4.43|4.48|4.84,802,"1,128",131|248|284|-183|419|1836|922|1166|724|436|1128|802,,
Cube Highways,https://www.screener.in/company/CUBEINVIT/consolidated/,"20,027 Cr.",149,152 / 126,92.5,72.8,9.24 %,6.63 %,2.04 %,100,2.34,1.22,%,%,73.5 %,67.5 %,5.11 %,-2.50 %,%,114 %,%,%,50.3 %,1.81,9.98 %,"1,851 Cr.","1,509 Cr.",964 Cr.,Services,Services,Transport Infrastructure,"Road AssetsToll, Annuity, Hybrid-Annuity",135,41,40,0,0.03|-0.22|0.39|-0.46|0|0.3|0.31|1,"3,803","2,916",0|0|1870|2916|3803,61.00,42|68|73
Canara Bank,https://www.screener.in/company/CANBK/consolidated/,"1,20,458 Cr.",133,163 / 104,6.07,130,3.14 %,6.51 %,17.7 %,2.00,5.43,1.28,-0.37 %,0.44 %,68.9 %,62.1 %,15.6 %,14.6 %,13.7 %,21.6 %,21.6 %,44.3 %,0.00 %,14.6,0.00 %,"3,810 Cr.","3,628 Cr.","2,743 Cr.",Financial Services,Financial Services,Banks,Public Sector Bank,"4,575","5,174","4,896","3,233",4.48|4.62|4.65|5.59|3.52|5.35|5.79|5.04,"7,942","60,669",6344|9346|2575|-11120|18237|-5289|59118|919|-39978|15046|60669|7942,,
IDBI Bank,https://www.screener.in/company/IDBI/consolidated/,"78,654 Cr.",73.2,118 / 61.0,8.52,63.8,2.86 %,6.50 %,14.2 %,10.0,3.18,1.75,0.04 %,-0.04 %,70.7 %,70.3 %,31.8 %,26.5 %,12.1 %,35.4 %,35.4 %,43.5 %,0.00 %,5.47,0.00 %,0.00 Cr.,"2,258 Cr.",989 Cr.,Financial Services,Financial Services,Banks,Private Sector Bank,"2,013","1,959","3,241","2,024",1.61|1.73|1.81|1.94|1.88|3|1.82|1.87,"16,762","25,796",-1991|-567|8000|-12514|-34215|208|10214|5068|-2701|-1252|25796|16762,,
Piramal Finance.,https://www.screener.in/company/PIRAMALFIN/consolidated/,"44,116 Cr.","1,946","2,073 / 1,235",169,"1,242",0.00 %,6.49 %,0.94 %,2.00,5.12,1.02,-0.94 %,2.54 %,59.5 %,55.1 %,2.20 %,4.73 %,21.3 %,-55.0 %,105 %,15.1 %,0.00 %,2.84,0.00 %,0.00 Cr.,0.00 Cr.,0.00 Cr.,Financial Services,Financial Services,Finance,Housing Finance Company,502,401,327,276,-0.32|0.07|0.02|0.04|0.11|14.42|17.69|22.14,"-15,892","-9,772",-12272|-12582|-15593|-18136|-8735|12576|7135|8661|6723|-1928|-9772|-15892,45.00,85|85|87|87|65|-128|-226|69|15|27|55|59
Bandhan Bank,https://www.screener.in/company/BANDHANBNK/,"32,260 Cr.",200,213 / 134,26.4,157,0.75 %,6.41 %,4.91 %,10.0,4.27,1.16,-0.25 %,3.57 %,45.5 %,51.9 %,5.64 %,12.5 %,10.9 %,-17.7 %,-17.7 %,-11.1 %,0.00 %,7.15,-0.76 %,242 Cr.,242 Cr.,193 Cr.,Financial Services,Financial Services,Banks,Private Sector Bank,534,206,112,372,6.6|5.82|2.65|1.97|2.31|0.69|1.28|3.32,"1,143","2,752",8885|-2599|2695|6583|-909|902|-4245|14808|2752|1143,,
Federal Bank,https://www.screener.in/company/FEDERALBNK/consolidated/,"71,897 Cr.",292,302 / 185,16.6,162,0.41 %,6.39 %,11.6 %,2.00,3.27,1.33,1.11 %,-0.71 %,64.2 %,69.7 %,15.1 %,15.1 %,18.6 %,11.2 %,5.65 %,16.2 %,0.00 %,8.66,0.00 %,296 Cr.,295 Cr.,295 Cr.,Financial Services,Financial Services,Banks,Private Sector Bank,"1,392","1,125","1,023",951,4.2|4.47|3.85|4.44|3.74|4.03|4.44|5.44,"4,349","8,801",5158|-1557|3431|-5051|7873|3731|11179|-7774|489|6431|8801|4349,,
DLF,https://www.screener.in/company/DLF/consolidated/,"1,46,031 Cr.",590,888 / 489,34.5,184,1.01 %,6.34 %,9.62 %,2.00,1.54,14.7,-1.28 %,1.16 %,17.7 %,26.4 %,51.7 %,58.3 %,12.9 %,27.8 %,27.8 %,29.5 %,0.00 %,0.01,0.00 %,"1,980 Cr.","1,485 Cr.","1,287 Cr.",Consumer Discretionary,Realty,Realty,"Residential, Commercial Projects","1,269","1,203","1,180",763,2.61|5.58|4.28|5.18|3.08|4.77|4.86|5.12,"6,347","5,235",2037|2957|-898|270|2043|356|1460|2832|2375|2539|5235|6347,27.40,39|40|42|35|26|19|27|30|30|33|26|18
Indian Bank,https://www.screener.in/company/INDIANB/consolidated/,"1,12,404 Cr.",834,"1,001 / 586",9.23,594,2.14 %,6.32 %,16.2 %,10.0,2.17,1.41,0.18 %,-0.07 %,68.5 %,68.1 %,18.2 %,18.2 %,14.5 %,30.1 %,26.7 %,26.7 %,0.00 %,10.9,0.00 %,"2,458 Cr.","2,189 Cr.","1,629 Cr.",Financial Services,Financial Services,Banks,Public Sector Bank,"3,174","3,148","3,109","2,277",19.08|20.79|21.6|22.14|16.9|23.07|23.36|23.56,"18,815","17,396",5136|-931|-10814|-3676|6270|-8396|17065|28750|-27894|-8617|17396|18815,,
Union Bank (I),https://www.screener.in/company/UNIONBANK/consolidated/,"1,27,405 Cr.",167,205 / 125,6.59,175,2.84 %,6.30 %,15.7 %,10.0,2.64,1.35,1.23 %,-0.40 %,67.6 %,68.0 %,18.2 %,16.6 %,9.58 %,31.7 %,26.9 %,41.8 %,0.00 %,10.4,0.00 %,"3,817 Cr.","3,626 Cr.","2,708 Cr.",Financial Services,Financial Services,Banks,Public Sector Bank,"5,504","5,073","4,426","4,428",4.77|6.22|6.06|6.56|5.8|5.8|6.65|7.21,"-35,798","17,479",-3567|81|-6624|6097|-7778|-7681|20527|36339|6056|19930|17479|-35798,,
Welspun Living,https://www.screener.in/company/WELSPUNLIV/consolidated/,"13,380 Cr.",140,153 / 107,61.4,51.3,1.19 %,6.25 %,4.47 %,1.00,1.58,2.90,-0.04 %,0.75 %,8.44 %,12.3 %,2.41 %,6.09 %,5.11 %,4.25 %,5.88 %,-15.8 %,0.00 %,0.47,0.00 %,9.59 Cr.,16.3 Cr.,12.1 Cr.,Consumer Discretionary,Textiles,Textiles & Apparels,Other Textile Products,106,3,15,89,1.91|2.1|1.26|1.37|0.91|0.14|0|1.08,"1,175",688,939|1328|832|545|807|777|954|587|756|533|688|1175,11.60,24|27|24|19|16|18|18|15|9|14|12|8
Axis Bank,https://www.screener.in/company/AXISBANK/consolidated/,"4,03,642 Cr.","1,298","1,418 / 1,041",15.3,687,0.08 %,6.24 %,13.2 %,2.00,1.82,1.44,-0.54 %,0.70 %,57.9 %,63.6 %,20.0 %,22.1 %,14.9 %,34.6 %,34.1 %,29.3 %,0.00 %,7.56,-0.01 %,311 Cr.,310 Cr.,309 Cr.,Financial Services,Financial Services,Banks,Private Sector Bank,"7,642","7,060","5,567","6,279",20.83|23.93|21.78|24.13|20.13|17.82|22.58|24.46,"-8,637","44,384",-15162|-34495|32209|-38390|37125|30416|12633|28137|22075|-5555|44384|-8637,,
Clean Max Enviro,https://www.screener.in/company/CLEANMAX/consolidated/,"12,938 Cr.","1,105","1,400 / 727",137,396,0.00 %,6.24 %,2.61 %,1.00,0.66,1.17,%,%,59.2 %,60.2 %,4.47 %,1.35 %,27.2 %,5.19 %,-67.0 %,-52.8 %,20.0 %,2.73,%,0.00 Cr.,0.00 Cr.,0.00 Cr.,Utilities,Power,Power,Power Generation,45,21,36,17,4.85|43.39|2.49|2.69|4.73,"1,731","1,404",489|434|928|86|1404|1731,50.40,39|42|40|51|60|59
Nexus Select,https://www.screener.in/company/NXST/consolidated/,"23,670 Cr.",156,169 / 133,58.7,87.2,5.81 %,6.18 %,2.95 %,100,1.13,2.62,%,%,67.5 %,68.0 %,15.7 %,18.4 %,%,418 %,%,%,77.4 %,0.47,-0.01 %,"1,371 Cr.",959 Cr.,Cr.,Consumer Discretionary,Realty,Realty,Real Estate Investment Trusts (REITs),12,139,132,120,0.92|0.73|0.78|0.75|0.79|0.87|0.92|0.08,"1,662","1,532",0|1217|1532|1662,67.33,67|68|67
The Ramco Cement,https://www.screener.in/company/RAMCOCEM/consolidated/,"20,850 Cr.",882,"1,214 / 860",80.4,343,0.22 %,6.12 %,3.34 %,1.00,0.54,1.76,0.06 %,0.77 %,15.9 %,14.5 %,2.87 %,1.19 %,3.44 %,-6.10 %,-6.10 %,-19.9 %,3.43 %,0.48,-0.01 %,59.1 Cr.,47.3 Cr.,56.7 Cr.,Commodities,Construction Materials,Cement & Cement Products,Cement & Cement Products,151,386,78,85,1.57|1.09|7.72|1.16|3.6|3.27|16.32|6.38,"1,611","1,399",932|1089|1117|1124|793|748|1892|1135|1412|1898|1399|1611,16.80,20|30|30|25|20|21|29|22|15|17|14|16
SBI,https://www.screener.in/company/SBIN/consolidated/,"8,92,047 Cr.",966,"1,235 / 782",11.0,646,1.77 %,6.09 %,15.0 %,1.00,1.05,1.35,1.07 %,-0.93 %,44.9 %,48.7 %,16.4 %,16.4 %,13.6 %,13.4 %,12.1 %,28.5 %,0.00 %,11.4,0.02 %,"16,015 Cr.","14,190 Cr.","11,771 Cr.",Financial Services,Financial Services,Banks,Public Sector Bank,"20,508","22,176","21,861","22,121",21.65|22.17|21.12|21.96|23.76|22.9|23.09|21.28,"38,097","48,486",26297|14477|77406|-96508|29556|23929|89919|57695|-86014|21632|48486|38097,,
I O B,https://www.screener.in/company/IOB/,"64,779 Cr.",33.6,42.8 / 31.2,12.4,19.5,0.00 %,6.06 %,14.9 %,10.0,2.61,1.32,0.08 %,0.02 %,62.6 %,59.0 %,16.3 %,11.8 %,18.0 %,35.4 %,34.6 %,39.9 %,0.00 %,11.2,0.00 %,0.00 Cr.,0.00 Cr.,0.00 Cr.,Financial Services,Financial Services,Banks,Public Sector Bank,"1,505","1,365","1,226","1,111",0.33|0.41|0.46|0.55|0.58|0.64|0.71|0.78,"5,502","2,963",5941|-3091|-505|-1999|-786|-14023|4949|5566|-15595|-1165|2963|5502,,
Punjab Natl.Bank,https://www.screener.in/company/PNB/consolidated/,"1,21,538 Cr.",106,135 / 98.5,6.66,130,2.83 %,6.06 %,13.0 %,2.00,5.09,1.31,0.46 %,-0.04 %,73.8 %,72.7 %,14.1 %,15.0 %,14.6 %,76.5 %,74.0 %,45.5 %,0.00 %,12.2,0.00 %,"3,448 Cr.","3,333 Cr.","1,971 Cr.",Financial Services,Financial Services,Banks,Public Sector Bank,"5,602","5,577","5,121","2,167",3.61|4.1|4.18|4.34|1.84|4.46|4.83|4.87,"25,635","22,075",4814|14167|21938|-1742|-33532|-12793|30950|20032|22592|-27939|22075|25635,,
Bank of Maha,https://www.screener.in/company/MAHABANK/consolidated/,"61,579 Cr.",80.1,85.9 / 50.6,8.77,43.2,1.85 %,6.03 %,22.7 %,10.0,4.11,1.50,0.63 %,0.43 %,68.1 %,62.7 %,24.0 %,22.2 %,22.6 %,39.2 %,33.1 %,60.0 %,0.00 %,11.6,0.00 %,"1,692 Cr.","1,154 Cr.","1,010 Cr.",Financial Services,Financial Services,Banks,Public Sector Bank,"2,045","1,799","1,669","1,504",1.83|1.88|1.84|1.95|1.96|2.17|2.34|2.66,"-11,336","7,628",-1083|2904|7498|-1723|-10842|693|2447|6896|-1440|11581|7628|-11336,,
Adani Enterp.,https://www.screener.in/company/ADANIENT/consolidated/,"3,82,856 Cr.","2,943","2,946 / 1,753",121,627,0.05 %,6.00 %,4.84 %,1.00,1.03,1.72,-0.84 %,-0.01 %,13.9 %,14.6 %,3.37 %,5.05 %,-7.64 %,5.46 %,5.05 %,23.0 %,0.80 %,1.32,0.69 %,168 Cr.,150 Cr.,143 Cr.,Commodities,Metals & Mining,Metals & Minerals Trading,Trading - Minerals,-167,"5,727","3,414",976,11.39|13.64|0.45|29.74|5.68|24.74|43.53|-1.71,"2,357","4,513",8532|5112|774|2942|3236|2454|4043|1385|17626|10312|4513|2357,10.60,19|5|5|6|5|5|6|5|7|12|15|14
IDFC First Bank,https://www.screener.in/company/IDFCFIRSTB/,"60,258 Cr.",70.0,87.0 / 58.1,36.8,54.7,0.36 %,5.99 %,3.84 %,10.0,1.45,1.09,-0.24 %,0.35 %,32.8 %,35.4 %,4.04 %,4.16 %,21.3 %,-12.4 %,-19.8 %,19.8 %,0.00 %,7.04,0.00 %,215 Cr.,183 Cr.,79.6 Cr.,Financial Services,Financial Services,Banks,Private Sector Bank,319,503,352,463,0.96|0.27|0.46|0.42|0.63|0.48|0.58|0.37,"6,915","14,395",0|-13034|14247|-5941|17293|10927|14061|2604|3600|11328|14395|6915,,
Yes Bank,https://www.screener.in/company/YESBANK/consolidated/,"70,649 Cr.",22.5,24.3 / 17.2,20.1,16.3,0.00 %,5.98 %,7.10 %,2.00,3.06,1.23,0.68 %,0.69 %,59.6 %,63.3 %,11.6 %,7.95 %,9.99 %,68.8 %,63.9 %,22.9 %,0.00 %,7.51,0.00 %,0.00 Cr.,0.00 Cr.,0.00 Cr.,Financial Services,Financial Services,Banks,Private Sector Bank,"1,082",957,664,809,0.16|0.18|0.2|0.24|0.26|0.21|0.3|0.34,"21,217","6,386",-2317|-304|4384|-21810|-24573|-57721|55396|23598|-25816|9645|6386|21217,,
Pun. & Sind Bank,https://www.screener.in/company/PSB/,"17,221 Cr.",24.3,34.4 / 20.5,13.0,19.9,0.29 %,5.95 %,9.62 %,10.0,4.10,1.21,-0.01 %,-0.10 %,68.0 %,66.3 %,11.0 %,8.85 %,14.4 %,0.26 %,-1.26 %,17.9 %,0.00 %,11.5,0.00 %,277 Cr.,49.7 Cr.,199 Cr.,Financial Services,Financial Services,Banks,Public Sector Bank,422,336,295,269,0.27|0.35|0.42|0.44|0.38|0.42|0.47|0.59,"-1,893","-2,294",-1982|930|-495|1063|-97|2210|-5848|-5999|1428|1746|-2294|-1893,,
Bank of India,https://www.screener.in/company/BANKINDIA/consolidated/,"65,672 Cr.",144,178 / 109,6.21,198,3.22 %,5.93 %,12.5 %,10.0,3.11,1.28,1.44 %,-1.22 %,71.6 %,71.0 %,14.1 %,13.1 %,16.4 %,42.4 %,37.5 %,30.6 %,0.00 %,11.7,0.00 %,"2,117 Cr.","1,844 Cr.","1,376 Cr.",Financial Services,Financial Services,Banks,Public Sector Bank,"3,089","2,814","2,576","1,831",4.15|5.32|5.79|5.72|4.02|5.66|6.18|6.78,"4,753","18,534",14638|18311|-6624|-7366|-9218|-4827|37868|-35487|-7045|-4437|18534|4753,,
SJVN,https://www.screener.in/company/SJVN/consolidated/,"29,108 Cr.",74.1,106 / 63.0,45.4,36.2,1.97 %,5.93 %,4.53 %,10.0,0.64,1.88,0.06 %,-0.25 %,72.7 %,72.4 %,14.2 %,26.7 %,15.5 %,-22.7 %,-22.7 %,-19.3 %,0.00 %,2.27,0.00 %,589 Cr.,574 Cr.,647 Cr.,Utilities,Power,Power,Power Generation,-118,224,308,228,0.91|1.12|0.38|-0.32|0.58|0.78|0.57|-0.3,"1,860","2,483",1492|2209|2376|1641|1018|1714|1983|2138|1632|1310|2483|1860,73.40,87|83|82|76|77|78|75|74|77|71|72|73
J & K Bank,https://www.screener.in/company/J&KBANK/consolidated/,"15,428 Cr.",140,145 / 97.4,6.54,150,1.53 %,5.84 %,15.4 %,1.00,6.31,1.41,0.21 %,0.16 %,70.6 %,69.4 %,17.9 %,16.6 %,12.0 %,26.0 %,23.3 %,29.0 %,0.00 %,10.2,0.00 %,0.00 Cr.,237 Cr.,105 Cr.,Financial Services,Financial Services,Banks,Private Sector Bank,799,581,495,485,3.8|5.02|4.8|5.28|4.4|4.49|5.28|7.25,"-1,126","2,723",118|-219|2457|2363|-2992|4374|-14|-1568|-407|-853|2723|-1126,,
RBL Bank,https://www.screener.in/company/RBLBANK/,"21,265 Cr.",344,350 / 204,25.8,266,0.29 %,5.77 %,5.13 %,10.0,4.09,1.13,-1.68 %,3.28 %,34.1 %,33.2 %,5.74 %,4.95 %,14.0 %,-2.34 %,-3.32 %,9.36 %,0.00 %,9.48,0.00 %,61.8 Cr.,60.8 Cr.,60.7 Cr.,Financial Services,Financial Services,Banks,Private Sector Bank,230,214,179,200,6.13|3.66|0.54|1.13|3.29|2.91|3.47|3.72,"7,577",-842,-2261|-4384|3434|-2528|-31|-5084|7597|6449|-11044|4935|-842|7577,,
NHPC Ltd,https://www.screener.in/company/NHPC/consolidated/,"78,753 Cr.",78.4,92.3 / 68.7,20.9,41.2,2.45 %,5.73 %,9.29 %,10.0,1.04,3.74,-0.05 %,0.47 %,45.1 %,52.2 %,36.3 %,32.3 %,3.07 %,-1.19 %,-1.19 %,2.12 %,0.00 %,1.26,0.00 %,"1,617 Cr.","1,919 Cr.","1,824 Cr.",Utilities,Power,Power,Power Generation,"1,549",321,"1,219","1,131",1.02|0.9|0.23|0.85|1.06|1.02|0.22|1.45,"3,294","5,026",4061|5971|8329|4696|3824|2993|5070|4590|4705|7252|5026|3294,50.00,62|57|57|55|55|49|55|44|58|51|52|45
Embassy Off.REIT,https://www.screener.in/company/EMBASSY/consolidated/,"40,689 Cr.",429,462 / 375,142,219,0.20 %,5.70 %,1.31 %,10.0,0.22,1.64,%,%,76.6 %,76.0 %,6.23 %,39.3 %,9.07 %,-16.8 %,-16.8 %,-16.2 %,0.00 %,1.08,0.00 %,"2,430 Cr.","2,211 Cr.","2,174 Cr.",Consumer Discretionary,Realty,Realty,Real Estate Investment Trusts (REITs),-430,381,232,155,1.89|16.14|1.67|-2.56|1.64|2.45|4.02|-4.54,"3,522","3,079",3|1696|1870|2367|2566|2591|3079|3522,76.40,70|75|78|75|76|76|77
IndusInd Bank,https://www.screener.in/company/INDUSINDBK/consolidated/,"72,122 Cr.",926,969 / 711,81.1,842,0.16 %,5.68 %,1.36 %,10.0,2.86,1.04,-3.03 %,5.13 %,48.1 %,53.4 %,1.92 %,5.29 %,8.34 %,-50.8 %,-50.8 %,-21.3 %,42.8 %,6.75,0.06 %,117 Cr.,0.00 Cr.,629 Cr.,Financial Services,Financial Services,Banks,Private Sector Bank,594,128,-437,604,27.88|17.09|18|-29.89|7.75|-5.61|1.64|7.63,993,"18,278",-2927|11569|-20700|-6389|-12907|44976|16672|-12442|-16925|18278|993,,
Brookfield India,https://www.screener.in/company/BIRET/consolidated/,"26,549 Cr.",320,376 / 288,55.2,234,7.86 %,5.66 %,3.05 %,323,0.61,1.78,%,%,70.8 %,70.2 %,18.1 %,6.69 %,35.4 %,54.2 %,17.9 %,50.4 %,90.0 %,0.95,-1.33 %,"1,298 Cr.","1,058 Cr.",606 Cr.,Consumer Discretionary,Realty,Realty,Real Estate Investment Trusts (REITs),54,201,149,132,1.08|0.64|0.53|1.22|2.05|2.18|2.41|0.49,"2,285","1,848",140|606|953|1433|1848|2285,70.00,63|71|68|70|70|71
I R F C,https://www.screener.in/company/IRFC/,"1,30,358 Cr.",99.8,149 / 87.0,18.6,43.4,2.11 %,5.64 %,12.8 %,10.0,21.2,1.35,0.18 %,1.35 %,98.8 %,99.4 %,25.7 %,24.0 %,4.53 %,3.42 %,3.42 %,9.68 %,0.00 %,7.69,-1.71 %,0.00 Cr.,"2,091 Cr.","1,568 Cr.",Financial Services,Financial Services,Finance,Financial Institution,"1,684","1,802","1,777","1,746",1.21|1.23|1.25|1.29|1.34|1.36|1.38|1.29,"-27,026","8,230",-16378|-19455|-28076|-41748|-62701|-89907|-64412|-28584|7914|8230|-27026,,
Bank of Baroda,https://www.screener.in/company/BANKBARODA/consolidated/,"1,39,808 Cr.",270,326 / 231,7.09,321,3.13 %,5.63 %,12.7 %,2.00,2.42,1.30,-0.15 %,0.20 %,62.8 %,64.4 %,14.9 %,16.3 %,12.4 %,10.0 %,10.0 %,72.8 %,0.00 %,11.1,0.00 %,"4,401 Cr.","4,323 Cr.","3,397 Cr.",Financial Services,Financial Services,Banks,Public Sector Bank,"5,872","5,501","5,181","3,517",9.14|10.36|10.08|10.48|6.71|9.93|10.53|11.22,"33,426","34,892",17838|-10011|17865|-59692|-1449|18531|-887|6210|-21354|-6274|34892|33426,,
Central Bank,https://www.screener.in/company/CENTRALBK/consolidated/,"28,177 Cr.",31.1,41.2 / 31.0,6.29,43.1,3.88 %,5.62 %,11.8 %,10.0,4.29,1.30,-0.10 %,0.00 %,61.0 %,57.6 %,12.4 %,11.7 %,12.1 %,38.5 %,36.6 %,37.8 %,0.00 %,12.8,0.00 %,"1,629 Cr.",170 Cr.,360 Cr.,Financial Services,Financial Services,Banks,Public Sector Bank,748,"1,265","1,234","1,284",1.09|1.06|1.11|1.22|1.42|1.36|1.4|0.82,"2,804","-2,460",2274|281|61871|-44376|-14510|1726|-2003|14277|-8786|-5910|-2460|2804,,
Ambuja Cements,https://www.screener.in/company/AMBUJACEM/consolidated/,"1,10,997 Cr.",447,625 / 394,22.2,240,0.45 %,5.57 %,8.83 %,2.00,1.05,17.1,0.03 %,-0.02 %,16.1 %,17.0 %,14.6 %,14.6 %,1.45 %,21.3 %,12.8 %,10.3 %,0.00 %,0.01,-0.35 %,494 Cr.,493 Cr.,635 Cr.,Commodities,Construction Materials,Cement & Cement Products,Cement & Cement Products,"1,857",403,"2,302","1,017",2.6|1.95|8.76|4.16|3.39|7.14|0.97|7.4,"5,362","2,237",1675|1557|2810|3416|1703|4739|4832|5309|735|5646|2237|5362,17.20,19|16|16|16|15|17|20|21|13|19|17|16
UCO Bank,https://www.screener.in/company/UCOBANK/,"31,951 Cr.",25.5,35.1 / 22.2,11.6,26.5,1.72 %,5.55 %,8.61 %,10.0,2.62,1.27,-0.05 %,-0.03 %,66.1 %,60.5 %,10.5 %,9.75 %,14.2 %,14.1 %,12.3 %,100 %,0.00 %,10.6,0.00 %,552 Cr.,489 Cr.,275 Cr.,Financial Services,Financial Services,Banks,Public Sector Bank,801,740,620,607,0.46|0.5|0.53|0.52|0.48|0.49|0.59|0.64,"-10,584","1,913",7861|-2978|-3852|-9082|4190|-10658|2422|4399|2983|1002|1913|-10584,,
Info Edg.(India),https://www.screener.in/company/NAUKRI/consolidated/,"63,642 Cr.",982,"1,550 / 908",44.7,585,0.62 %,5.43 %,3.91 %,2.00,2.47,76.9,-1.69 %,1.60 %,35.7 %,30.7 %,52.7 %,18.1 %,11.9 %,90.8 %,90.6 %,61.6 %,0.00 %,0.01,-0.09 %,545 Cr.,388 Cr.,326 Cr.,Consumer Discretionary,Consumer Services,Retailing,Internet & Catalogue Retail,756,317,348,343,3.6|0.36|3.74|7.15|4.57|4.88|4.19|8.73,"1,076",876,51|78|213|253|276|350|276|707|512|702|876|1076,27.60,3|12|-1|22|1|-27|7|28|15|28|31|36
IFCI,https://www.screener.in/company/IFCI/consolidated/,"17,273 Cr.",64.1,74.5 / 46.2,93.6,33.2,0.00 %,5.03 %,2.09 %,10.0,1.50,2.28,0.07 %,0.02 %,47.0 %,63.1 %,21.4 %,18.6 %,6.78 %,42.1 %,39.4 %,15.6 %,0.00 %,0.39,0.00 %,0.00 Cr.,0.00 Cr.,0.00 Cr.,Financial Services,Financial Services,Finance,Financial Institution,34,21,317,62,-0.41|0.32|-0.12|0.84|0.15|0.53|-0.06|0.05,280,-984,263|-5|802|-972|444|635|-438|-257|-336|12|-984|280,,
One 97,https://www.screener.in/company/PAYTM/consolidated/,"71,980 Cr.","1,124","1,382 / 848",98.8,250,0.00 %,5.01 %,4.70 %,1.00,2.55,43.7,-2.35 %,2.76 %,5.93 %,-21.8 %,8.63 %,-21.3 %,1.83 %,34.1 %,34.0 %,15.3 %,0.00 %,0.01,0.00 %,0.00 Cr.,0.00 Cr.,0.00 Cr.,Financial Services,Financial Services,Financial Technology (Fintech),Financial Technology (Fintech),183,225,21,123,-13.19|14.58|-3.26|-8.47|1.93|0.33|3.52|2.87,-743,-121,-334|-1405|-4476|-2377|-2082|-1236|416|651|-121|-743,-18.80,-111|-195|-135|-82|-66|-48|-21|-9|-22|6
Zydus Wellness,https://www.screener.in/company/ZYDUSWELL/consolidated/,"15,499 Cr.",487,552 / 358,66.8,183,0.25 %,4.96 %,4.04 %,2.00,1.88,3.77,-0.10 %,0.29 %,12.9 %,14.0 %,5.86 %,12.3 %,20.7 %,-10.1 %,-10.1 %,-1.54 %,0.00 %,0.55,0.00 %,38.2 Cr.,38.2 Cr.,34.4 Cr.,Fast Moving Consumer Goods,Fast Moving Consumer Goods,Food Products,Packaged Foods,162,-40,-53,128,4.64|0.66|0.2|5.4|4.02|-1.66|-1.25|5.09,226,380,69|90|77|69|149|259|287|237|92|246|380|226,14.40,23|23|23|24|22|18|18|17|15|13|14|13
Sammaan Capital,https://www.screener.in/company/SAMMAANCAP/consolidated/,"19,608 Cr.",169,193 / 114,,164,0.00 %,4.92 %,-3.18 %,2.00,5.33,0.59,21.3 %,-2.23 %,41.6 %,28.8 %,-7.95 %,-20.8 %,-2.16 %,%,%,%,0.00 %,2.73,0.00 %,0.00 Cr.,163 Cr.,66.4 Cr.,Financial Services,Financial Services,Finance,Housing Finance Company,"-8,101",314,308,334,4.42|-38.12|4.08|3.91|4.04|3.72|3.79|-69.92,"-7,466","8,772",-8892|-11643|-17845|-25024|21206|19331|7088|657|4001|140|8772|-7466,,
Devyani Intl.,https://www.screener.in/company/DEVYANI/consolidated/,"14,382 Cr.",117,191 / 91.6,,12.5,0.00 %,4.66 %,-1.67 %,1.00,0.51,0.87,0.36 %,-0.11 %,15.1 %,17.0 %,-0.43 %,-0.21 %,23.2 %,%,%,12.3 %,0.00 %,2.49,-0.01 %,0.00 Cr.,0.00 Cr.,0.00 Cr.,Consumer Discretionary,Consumer Services,Leisure Services,Restaurants,-9.84,-10.98,-23.95,2.23,0.25|0|0|-0.12|0.03|-0.18|-0.08|-0.08,919,900,90|91|278|301|240|451|637|766|900|919,18.60,0|4|9|16|17|17|23|22|16|17|15
National High,https://www.screener.in/company/NHIT/consolidated/,"31,571 Cr.",163,164 / 131,46.0,123,9.19 %,4.42 %,3.00 %,134,0.47,1.19,%,%,80.6 %,81.7 %,16.0 %,13.5 %,83.0 %,38.7 %,0.03 %,%,4.59 %,1.05,0.00 %,0.00 Cr.,0.00 Cr.,0.00 Cr.,Services,Services,Transport Infrastructure,"Road AssetsToll, Annuity, Hybrid-Annuity",205,247,112,121,0.49|0.57|0.35|0.73|0.63|0.58|1.28|1.06,"3,820","2,099",0|-7243|624|805|2099|3820,79.00,74|80|78|82|81
Bharat Coking,https://www.screener.in/company/BHARATCOAL/,"17,860 Cr.",38.4,45.2 / 28.0,139,12.4,0.00 %,4.18 %,2.10 %,10.0,0.93,1.94,%,%,-3.62 %,12.7 %,0.94 %,8.96 %,2.63 %,-42.0 %,-87.5 %,14.9 %,0.00 %,0.39,-10.0 %,0.00 Cr.,0.00 Cr.,0.00 Cr.,Energy,"Oil, Gas & Consumable Fuels",Consumable Fuels,Coal,27,-23,-53,66,91.26|14.28|-0.11|-0.05|0.06,-641,796,-2303|3300|1699|1299|796|-641,5.80,-22|1|4|15|13|-4
Pine Labs,https://www.screener.in/company/PINELABS/consolidated/,"16,214 Cr.",141,284 / 137,141,51.3,0.00 %,4.16 %,2.46 %,1.00,1.52,2.67,-0.43 %,0.55 %,13.2 %,9.60 %,4.24 %,-5.02 %,19.3 %,35.7 %,27.2 %,17.4 %,0.00 %,0.07,0.00 %,0.00 Cr.,0.00 Cr.,0.00 Cr.,Financial Services,Financial Services,Financial Technology (Fintech),Financial Technology (Fintech),59,42,6,5,-0.38|-0.67|-0.34|0.11|0.13|0.37|0.52,395,50,11|111|-79|-152|-229|50|395,6.80,10|16|12|0|-1|10|13
New India Assura,https://www.screener.in/company/NIACL/consolidated/,"27,002 Cr.",164,215 / 117,19.2,210,1.11 %,3.87 %,4.44 %,5.00,0.43,,0.01 %,0.02 %,0.68 %,1.85 %,2.85 %,2.41 %,6.68 %,98.5 %,98.5 %,-2.97 %,0.00 %,0.00,0.00 %,297 Cr.,297 Cr.,206 Cr.,Financial Services,Financial Services,Insurance,General Insurance,580,380,55,402,1.45|0.54|2.12|2.18|2.43|0.33|2.31|3.51,"-4,532","-3,390",847|-1605|-124|425|-1334|-967|777|-4052|-5855|-4672|-3390|-4532,1.80,-28|-20|-2|-24|-1|-4|6|0|3|3|2|1
Biocon,https://www.screener.in/company/BIOCON/consolidated/,"70,445 Cr.",435,440 / 328,181,210,0.12 %,3.75 %,1.40 %,5.00,1.22,1.86,0.13 %,2.34 %,20.4 %,21.3 %,2.20 %,9.12 %,14.8 %,-14.7 %,-22.8 %,-17.0 %,0.00 %,0.45,-9.54 %,81.0 Cr.,60.0 Cr.,88.2 Cr.,Healthcare,Healthcare,Pharmaceuticals & Biotechnology,Pharmaceuticals,199,-52,133,89,5.49|-0.13|0.21|2.87|0.23|0.63|1.08|0.78,"1,994","4,061",211|371|640|662|1155|1283|1160|1177|1852|2954|4061|1994,21.40,23|12|25|20|25|25|22|22|22|22|21|20
Tata Chemicals,https://www.screener.in/company/TATACHEM/consolidated/,"19,890 Cr.",781,"1,027 / 580",,832,1.37 %,3.64 %,-0.92 %,10.0,1.07,1.84,-0.36 %,0.43 %,12.4 %,13.1 %,-0.10 %,2.91 %,-4.58 %,%,%,%,0.00 %,0.38,0.00 %,248 Cr.,280 Cr.,335 Cr.,Commodities,Chemicals,Chemicals & Petrochemicals,Commodity Chemicals,"-2,116",-69,154,316,5.89|7.61|-2.08|-2.2|9.89|3.02|-3.65|-83.67,"1,269","1,761",1274|2332|3531|1870|1581|1780|2037|1645|2971|3016|1761|1269,16.80,11|14|20|33|17|19|15|18|23|18|13|12
NTPC Green Ene.,https://www.screener.in/company/NTPCGREEN/consolidated/,"86,875 Cr.",103,120 / 84.0,166,22.5,0.00 %,3.53 %,2.79 %,10.0,0.24,1.77,0.00 %,0.27 %,86.6 %,86.9 %,18.2 %,21.5 %,156 %,45.1 %,19.6 %,%,0.00 %,1.67,0.00 %,0.00 Cr.,0.00 Cr.,Cr.,Utilities,Power,Power,Power Generation,197,17,86,220,0.24|0.05|0.08|0.28|0.26|0.1|0.02|0.23,"2,386","1,999",17|1616|1999|2386,88.25,90|89|87|87
Niva Bupa Health,https://www.screener.in/company/NIVABUPA/,"15,554 Cr.",84.2,94.0 / 67.5,119,20.5,0.00 %,3.45 %,3.82 %,10.0,0.26,,0.29 %,0.45 %,1.86 %,1.45 %,1.95 %,3.89 %,32.9 %,127 %,%,%,0.00 %,0.07,0.00 %,0.00 Cr.,0.00 Cr.,0.00 Cr.,Financial Services,Financial Services,Insurance,General Insurance,345,-88,-35,-91,0.07|1.13|-0.5|-0.19|-0.47|1.87,905,"1,654",257|338|593|813|1654|905,-7.20,-3|-3|-2|-24|-12|-3|1|2
Eternal,https://www.screener.in/company/ETERNAL/consolidated/,"2,41,645 Cr.",250,368 / 213,660,32.1,0.00 %,2.97 %,1.19 %,1.00,2.77,2.57,-3.63 %,3.27 %,2.22 %,3.20 %,0.67 %,2.14 %,97.3 %,32.8 %,32.1 %,14.9 %,0.00 %,0.15,0.00 %,0.00 Cr.,0.00 Cr.,0.00 Cr.,Consumer Discretionary,Consumer Services,Retailing,E-Retail/ E-Commerce,174,102,65,25,0.29|0.2|0.06|0.04|0.03|0.07|0.11|0.18,632,308,-2144|-1018|-693|-844|646|308|632,-11.20,-20|-171|-88|-23|-44|-17|0|3|2
Max Financial,https://www.screener.in/company/MFSL/consolidated/,"59,703 Cr.","1,730","1,892 / 1,408",719,153,0.00 %,2.95 %,1.57 %,2.00,1.04,2.07,2.75 %,-2.61 %,0.44 %,1.02 %,0.22 %,0.88 %,14.9 %,-39.7 %,-39.7 %,-27.9 %,42.1 %,0.35,0.00 %,0.00 Cr.,0.00 Cr.,0.00 Cr.,Financial Services,Financial Services,Insurance,Life Insurance,-32,45,6,86,3.69|3.26|1.62|0.91|2.02|0.12|1.06|-0.76,"11,473","8,352",2579|3802|6526|7534|8826|5452|6892|8496|9922|6104|8352|11473,1.00,5|5|5|3|3|2|2|1|2|1|1|0
Delhivery,https://www.screener.in/company/DELHIVERY/consolidated/,"34,374 Cr.",459,490 / 343,193,129,0.00 %,2.82 %,1.87 %,1.00,2.59,2.15,-0.34 %,1.29 %,6.09 %,4.21 %,1.70 %,1.58 %,13.3 %,29.6 %,29.5 %,14.9 %,0.00 %,0.15,0.00 %,0.00 Cr.,0.00 Cr.,0.00 Cr.,Services,Services,Transport Services,Logistics Solution Provider,72,40,-50,91,0.74|0.14|0.34|0.97|1.22|-0.67|0.53|0.97,911,567,-243|-634|5|-241|-30|472|567|911,-0.20,-98|-6|-3|-7|-6|2|4|6
Tata Motors PVeh,https://www.screener.in/company/TMPV/consolidated/,"1,41,387 Cr.",384,449 / 294,22.2,304,1.57 %,2.73 %,5.58 %,2.00,0.84,1.89,-0.59 %,1.71 %,5.63 %,12.8 %,1.90 %,6.49 %,-1.01 %,39.3 %,34.6 %,16.6 %,0.00 %,0.71,0.00 %,"1,106 Cr.","2,208 Cr.","1,276 Cr.",Consumer Discretionary,Automobile and Auto Components,Automobiles,Passenger Cars & Utility Vehicles,"5,878","-3,483","76,248","4,003",31.63|9.36|14.69|23.01|10.66|206.85|-9.47|15.7,"13,041","63,102",35531|37900|30199|23857|18891|26633|29001|14283|35388|67915|63102|13041,10.00,15|14|11|11|8|7|13|9|9|13|13|6
Piramal Pharma,https://www.screener.in/company/PPLPHARMA/consolidated/,"23,588 Cr.",177,221 / 132,,61.4,0.08 %,2.69 %,-3.58 %,10.0,1.51,1.06,0.51 %,-0.07 %,10.4 %,15.8 %,-3.29 %,0.97 %,7.79 %,-24.5 %,-24.0 %,%,0.00 %,0.70,0.00 %,0.00 Cr.,18.5 Cr.,19.9 Cr.,Healthcare,Healthcare,Pharmaceuticals & Biotechnology,Pharmaceuticals,-8.83,-136.19,-99.22,-81.70,-0.67|0.17|0.03|1.16|-0.61|-0.75|-1.02|-0.07,"1,653",892,598|766|484|1005|892|1653,12.80,23|14|9|15|16|10
Jio Financial,https://www.screener.in/company/JIOFIN/consolidated/,"1,59,037 Cr.",241,339 / 223,103,211,0.21 %,1.86 %,1.19 %,10.0,6.98,3.53,0.06 %,-2.02 %,65.6 %,75.8 %,43.8 %,78.9 %,328 %,294 %,%,%,0.00 %,0.16,2.01 %,381 Cr.,318 Cr.,Cr.,Financial Services,Financial Services,Finance,Investment Company,272,269,695,325,0.49|1.08|0.46|0.5|0.51|1.09|0.42|0.43,"-15,439","-10,083",2055|-678|-10083|-15439,78.50,88|84|76|66
India Cements,https://www.screener.in/company/INDIACEM/consolidated/,"12,515 Cr.",404,490 / 297,157,327,0.00 %,1.62 %,0.78 %,10.0,1.01,1.86,0.08 %,0.10 %,8.84 %,-8.64 %,1.78 %,-16.8 %,-7.18 %,31.0 %,31.0 %,-17.7 %,0.00 %,0.13,0.00 %,0.00 Cr.,0.00 Cr.,6.20 Cr.,Commodities,Construction Materials,Cement & Cement Products,Cement & Cement Products,60,-3,9,-133,1.89|-10.94|3.95|0.47|-4.29|0.28|-0.09|1.92,-27,-256,645|964|765|556|377|387|1046|439|-19|344|-256|-27,1.80,15|18|17|14|11|12|18|10|-3|2|-9|9
Tata Inv.Corpn.,https://www.screener.in/company/TATAINVEST/consolidated/,"35,214 Cr.",696,"1,185 / 539",81.2,578,0.49 %,1.57 %,1.44 %,1.00,0.40,833,0.08 %,0.01 %,89.4 %,87.3 %,109 %,102 %,12.7 %,19.9 %,19.9 %,23.0 %,0.00 %,0.00,0.00 %,0.00 Cr.,137 Cr.,160 Cr.,Financial Services,Financial Services,Finance,Investment Company,64,75,148,146,2.59|2.44|0.39|0.75|2.89|2.93|1.49|1.26,279,206,92|90|68|67|92|117|86|122|230|235|206|279,89.00,93|92|88|88|83|71|88|90|88|91|87|89
Aequs,https://www.screener.in/company/AEQUS/consolidated/,"14,376 Cr.",214,224 / 113,,,0.00 %,1.11 %,-11.2 %,10.0,1.16,0.26,-0.15 %,-0.24 %,8.60 %,13.3 %,-6.83 %,-2.25 %,%,%,%,%,0.00 %,1.10,0.00 %,0.00 Cr.,0.00 Cr.,Cr.,Industrials,Capital Goods,Aerospace & Defense,Aerospace & Defense,,-43,-21,-40,-0.94|-0.34|-0.64,26,-19,10|-19|26,9.00,5|13|9
Mah. Scooters,https://www.screener.in/company/MAHSCOOTER/,"15,006 Cr.","13,130","18,538 / 10,901",48.3,"24,180",1.61 %,1.06 %,1.06 %,10.0,2.40,,0.09 %,-0.18 %,98.6 %,93.7 %,99.3 %,95.2 %,13.0 %,16.7 %,16.7 %,104 %,0.00 %,0.00,0.00 %,251 Cr.,160 Cr.,176 Cr.,Financial Services,Financial Services,Finance,Investment Company,4.01,4.12,267.07,35.36,7.23|132.26|2.89|45.18|30.94|233.69|3.6|3.51,267,159,-10|-8|-33|1|1|-7|-6|119|209|206|159|267,92.80,-72|-72|-69|75|79|90|35|90|90|91|94|99
JSW Holdings,https://www.screener.in/company/JSWHL/consolidated/,"13,937 Cr.","12,555","23,799 / 11,250",96.2,"30,255",0.00 %,0.82 %,0.69 %,10.0,0.47,,-0.23 %,-0.03 %,94.3 %,92.9 %,78.9 %,91.7 %,10.0 %,8.90 %,8.90 %,13.0 %,0.00 %,0.00,0.00 %,0.00 Cr.,0.00 Cr.,0.00 Cr.,Financial Services,Financial Services,Finance,Investment Company,32,67,34,10,29.99|47.37|107.79|12.51|8.76|30.46|60.52|28.94,169,115,32|66|89|103|67|130|298|115|169,95.60,94|95|95|95|95|97|99|93|94
OneSource Speci.,https://www.screener.in/company/ONESOURCE/consolidated/,"20,394 Cr.","1,779","2,250 / 1,057",,509,0.00 %,0.57 %,-1.09 %,1.00,0.99,0.33,-1.74 %,1.81 %,21.4 %,32.3 %,-4.51 %,7.26 %,232 %,23.9 %,%,%,38.4 %,0.26,0.55 %,0.00 Cr.,0.00 Cr.,0.00 Cr.,Healthcare,Healthcare,Pharmaceuticals & Biotechnology,Pharmaceuticals,4.60,-88.70,10.49,-0.19,-6.02|8.61|-0.02|0.92|-7.74|0.4,9,-68,-118|-416|-163|-107|-68|9,-80.40,-334|-3|-415|-37|32|21
ITI,https://www.screener.in/company/ITI/,"29,160 Cr.",303,373 / 233,,15.1,0.00 %,-1.33 %,-16.2 %,10.0,0.86,-0.02,0.00 %,0.01 %,-1.66 %,-25.2 %,-7.42 %,-44.9 %,24.8 %,%,%,%,0.00 %,0.90,0.00 %,0.00 Cr.,0.00 Cr.,0.00 Cr.,Telecommunication,Telecommunication,Telecom -  Equipment & Accessories,Telecom -  Equipment & Accessories,-26,-54,-63,-5,-2.49|-0.95|-0.73|-0.7|-0.05|-0.66|-0.56|-0.27,-154,974,-127|-149|-319|-347|-109|22|-197|96|-436|-294|974|-154,-6.00,-34|-37|-14|-7|6|-6|7|2|6|-11|-25|-2
Vodafone Idea,https://www.screener.in/company/IDEA/consolidated/,"1,53,197 Cr.",14.1,14.2 / 6.12,,-3.30,0.00 %,-1.60 %,%,10.0,0.55,-0.12,-0.43 %,0.60 %,42.4 %,41.4 %,-53.6 %,-63.1 %,2.09 %,5.71 %,17.7 %,11.7 %,0.00 %,,0.07 %,0.00 Cr.,0.00 Cr.,0.00 Cr.,Telecommunication,Telecommunication,Telecom - Services,Telecom - Cellular & Fixed line services,"51,970","-5,286","-5,524","-6,608",-0.95|-1.03|-0.95|-1|-0.61|-0.51|-0.49|4.8,"19,411","9,291",10418|10949|10476|5332|5348|7328|15640|17387|18869|20826|9291|19411,40.80,34|32|29|21|11|33|40|41|40|40|41|42
Physicswallah,https://www.screener.in/company/PWL/consolidated/,"32,000 Cr.",112,162 / 77.7,,4.89,0.00 %,-2.12 %,%,1.00,1.28,-0.48,-0.84 %,0.71 %,6.89 %,-8.10 %,-3.86 %,-21.0 %,131 %,%,%,%,0.00 %,0.69,0.00 %,0.00 Cr.,0.00 Cr.,Cr.,Consumer Discretionary,Consumer Services,Other Consumer Services,E-Learning,102,70,-127,77,7.42|15.11|-0.55|0.33|0.35,507,212,59|270|212|507,13.25,57|-3|-8|7
A B Real Estate,https://www.screener.in/company/ABREL/consolidated/,"14,370 Cr.","1,286","2,538 / 1,080",,331,0.16 %,-4.26 %,-7.43 %,10.0,1.49,-6.02,0.08 %,-0.50 %,-91.4 %,1.32 %,-76.5 %,-7.55 %,-52.6 %,%,%,%,0.00 %,1.52,0.00 %,27.9 Cr.,22.3 Cr.,41.3 Cr.,Consumer Discretionary,Realty,Realty,"Residential, Commercial Projects",5.39,-75.31,-17.82,-27.08,0.7|0.23|-3.63|-11.73|-2.28|-1.41|-6.52|0.97,747,"-1,293",940|2209|548|-23|566|-51|271|-315|-1293|747,-8.80,12|21|24|17|9|11|15|20|1|-91
Urban Company,https://www.screener.in/company/URBANCO/consolidated/,"19,100 Cr.",124,201 / 96.4,,13.9,0.00 %,-7.75 %,-11.9 %,1.00,4.51,-13.6,-9.86 %,5.04 %,-16.3 %,-3.49 %,-15.1 %,20.9 %,34.7 %,7.68 %,26.0 %,14.9 %,0.00 %,0.06,-1.27 %,0.00 Cr.,0.00 Cr.,0.00 Cr.,Consumer Discretionary,Consumer Services,Retailing,E-Retail/ E-Commerce,-161,-21,-59,7,-93.43|11870.97|-0.06|0.14|-0.41|-0.15|-1.05,-99,55,-139|-141|-315|-238|-86|55|-99,-44.00,-79|-103|-126|-57|-18|-3|-16
KIOCL,https://www.screener.in/company/KIOCL/,"24,234 Cr.",399,635 / 278,,27.3,0.00 %,-9.48 %,-11.3 %,10.0,3.51,-4.62,0.05 %,0.00 %,-33.9 %,-3.89 %,-34.6 %,-4.56 %,-41.9 %,%,%,%,0.00 %,0.11,0.00 %,0.00 Cr.,0.00 Cr.,41.4 Cr.,Commodities,Metals & Mining,Ferrous Metals,Sponge Iron,18,-17,-38,-37,-0.71|-0.83|-1.14|-0.79|-0.61|-0.62|-0.28|0.3,343,105,-93|-88|-44|-261|-100|-126|-22|97|70|-309|105|343,-4.20,-27|-28|-152|-12|-3|4|-1|15|13|-11|-4|-34
NMDC Steel,https://www.screener.in/company/NSLNISP/,"13,276 Cr.",45.3,49.6 / 33.0,,44.4,0.00 %,-13.0 %,-16.6 %,10.0,0.57,-0.91,0.04 %,0.18 %,-21.0 %,-47.1 %,-27.9 %,-51.2 %,%,%,%,%,0.00 %,0.41,0.00 %,0.00 Cr.,0.00 Cr.,0.00 Cr.,Commodities,Metals & Mining,Ferrous Metals,Iron & Steel,-244,-115,26,-473,-2.94|-1.87|-2.03|-2.59|-1.62|0.09|-0.39|-0.83,"1,966","-2,825",0|0|743|1516|-2825|1966,-34.00,-47|-21
Ola Electric,https://www.screener.in/company/OLAELEC/consolidated/,"16,651 Cr.",37.8,71.2 / 21.2,,7.60,0.00 %,-19.6 %,-43.2 %,10.0,1.14,-3.81,-0.08 %,-0.27 %,-43.1 %,-38.4 %,-81.4 %,-49.9 %,-5.04 %,-11.7 %,12.4 %,14.9 %,0.00 %,0.82,0.00 %,0.00 Cr.,0.00 Cr.,0.00 Cr.,Consumer Discretionary,Automobile and Auto Components,Automobiles,2/3 Wheelers,-500,-487,-418,-428,-1.45|-1.12|-1.28|-1.97|-0.97|-0.95|-1.1|-1.13,-775,"-2,391",-252|-885|-1507|-633|-2391|-775,-73.60,-32228|-214|-48|-25|-38|-43
Ather Energy,https://www.screener.in/company/ATHERENERG/,"37,111 Cr.",969,989 / 301,,67.2,0.00 %,-19.8 %,-33.4 %,1.00,2.42,-5.23,-0.24 %,0.87 %,-11.1 %,-25.8 %,-14.0 %,-36.0 %,27.3 %,12.1 %,26.0 %,14.9 %,0.00 %,0.26,-0.09 %,0.00 Cr.,0.00 Cr.,0.00 Cr.,Consumer Discretionary,Automobile and Auto Components,Automobiles,2/3 Wheelers,-100,-85,-154,-178,-61.17|-64.01|-64.21|-8.06|-4.78|-4.05|-2.22|-2.62,32,-721,-182|-140|-226|-871|-268|-721|32,-36.00,-523|-222|-64|-40|-39|-26|-11
Swiggy,https://www.screener.in/company/SWIGGY/consolidated/,"69,463 Cr.",252,474 / 247,,66.4,0.00 %,-24.1 %,-29.0 %,1.00,3.35,-19.7,-1.48 %,2.91 %,-14.0 %,-18.3 %,-18.0 %,-20.4 %,40.8 %,0.19 %,%,%,0.00 %,0.14,0.00 %,0.00 Cr.,0.00 Cr.,0.00 Cr.,Consumer Discretionary,Consumer Services,Retailing,E-Retail/ E-Commerce,-800,"-1,065","-1,092","-1,197",-62.75|-3.57|-4.73|-4.8|-4.38|-3.86|-2.9,"-2,898","-2,169",-3841|-1175|-3900|-4060|-1313|-2169|-2898,-33.60,-110|-51|-64|-52|-20|-18|-14
Meesho,https://www.screener.in/company/MEESHO/consolidated/,"88,708 Cr.",193,255 / 126,,9.61,0.00 %,-35.6 %,-42.3 %,1.00,1.55,-118,-0.14 %,0.28 %,-11.8 %,-6.16 %,-9.77 %,-51.7 %,30.1 %,8.10 %,25.7 %,%,0.00 %,0.01,-0.19 %,0.00 Cr.,0.00 Cr.,Cr.,Consumer Discretionary,Consumer Services,Retailing,E-Retail/ E-Commerce,-166,-491,-411,-289,-4.44|-159.79|-1.49|-2.11|-1.09|-0.36,"-3,875",539,-2303|220|539|-3875,-13.75,-31|-6|-6|-12
Knowledge Realty,https://www.screener.in/company/KRT/consolidated/,"51,807 Cr.",117,129 / 103,138,97.4,4.04 %,%,0.87 %,100,0.85,2.17,%,%,80.7 %,%,12.3 %,%,1.65 %,19.8 %,%,%,0.03 %,0.29,%,0.00 Cr.,Cr.,Cr.,Consumer Discretionary,Realty,Realty,Real Estate Investment Trusts (REITs),,107,206,63,0.14|0.47|0.24,,,,79.00,79|77|81
Tata Motors,https://www.screener.in/company/TMCV/consolidated/,"1,42,009 Cr.",386,509 / 306,25.8,34.6,0.00 %,%,43.4 %,2.00,0.76,10.7,0.74 %,0.67 %,12.0 %,%,6.59 %,%,%,%,%,%,0.00 %,0.44,0.00 %,"1,472 Cr.",Cr.,Cr.,Industrials,Capital Goods,"Agricultural, Commercial & Construction Vehicles",Commercial Vehicles,"1,793",705,-867,"1,397",1.91|4.87,"14,981",,14981,12.00,12
